0,0,0,0,0,0,0,0,0,0,0,0,0,0,0,0,0,0,0,0,0,2,0,1,0,0,0,1,0,0,0,0,0,0,0,0,0,0,0,2,0,0,1,1,12,4,2,0,0,1,2,53,19,0,0,0,5,0,1,0,0,0,0,2,1,0,1,0,3,0,0,0,0,0,0,1,0,0,0,2,6,0,0,0,0,2,1,11,0,0,0,18,6,44,15,13,0,7,0,30,7,1,0,0,1,0,0,0,0,0,0,0,0,0,1,11,41,1,1,2,0,5,10,19,16,1,0,28,30,3,0,2,0,9,1,4,0,3,0,7,14,1,0,0,0,0,0,0,0,0,0,6,9,1,0,2,0,0,0,1,0,0,0,11,8,14,1,6,0,2,0,3,0,3,0,0,6,1,0,0,0,0,0,0,1,0,0,0,7,0,0,0,1,0,1,12,10,0,0,0,2,0,0,0,0,0,0,0,0,0,0,0,0,0,0,0
0,0,0,3,0,0,0,1,0,0,0,3,0,1,0,1,0,0,0,2,1,21,3,5,0,1,0,19,2,4,1,1,2,3,0,4,1,2,1,2,5,3,0,1,2,2,1,0,18,1,6,1,7,0,1,0,1,0,0,2,0,0,1,1,0,0,2,8,0,1,1,1,1,2,0,23,17,7,0,0,0,0,1,1,4,0,3,7,5,0,0,1,0,5,2,2,1,1,0,11,5,0,0,1,0,0,1,1,0,0,0,0,1,0,5,2,9,1,0,3,2,0,0,0,1,1,0,11,2,17,4,27,0,3,0,4,1,3,2,21,19,1,1,13,0,0,1,1,0,0,0,1,0,1,0,3,0,0,0,0,0,1,0,3,0,18,2,17,0,0,0,6,0,3,1,0,2,2,0,6,1,0,0,3,3,1,9,1,22,0,0,3,26,0,10,1,4,1,0,3,0,0,0,4,1,0,0,0,1,1,2,4,19,0,0,3
0,0,0,3,0,0,0,0,0,0,0,0,0,0,1,0,2,1,0,10,0,0,0,9,0,8,2,15,3,42,2,0,2,0,0,0,2,0,1,11,47,1,5,0,2,0,0,0,5,1,3,2,16,0,0,0,0,0,0,0,0,0,0,11,3,0,0,0,0,0,0,1,0,0,2,3,14,3,0,0,3,0,0,0,4,1,6,0,5,0,0,0,0,2,0,0,0,2,0,22,5,12,0,1,1,0,0,0,0,0,0,1,1,0,31,0,14,0,2,0,0,0,0,0,0,0,1,0,0,0,0,1,0,0,0,0,0,0,5,4,10,0,0,1,0,0,0,0,0,0,3,6,3,0,0,1,0,1,0,0,0,1,1,37,0,0,0,10,0,3,0,0,0,8,2,37,21,0,0,2,1,0,1,1,7,0,24,1,5,0,12,0,13,0,6,0,18,0,0,0,0,0,0,0,0,0,0,0,0,0,1,0,3,0,0,0
0,0,0,0,0,0,0,1,0,6,1,0,0,0,0,6,0,0,0,0,1,2,1,0,0,0,0,0,0,0,0,0,0,0,0,0,0,1,0,1,0,0,0,0,3,1,1,1,0,4,0,3,1,0,5,1,49,5,8,0,1,3,4,0,0,0,1,1,2,1,0,1,0,0,0,0,0,0,0,3,2,49,3,4,0,2,0,12,1,0,9,1,34,27,27,1,0,1,1,2,0,0,0,0,0,8,3,0,0,7,6,1,0,0,1,1,0,0,1,0,0,52,14,50,1,10,0,1,32,0,3,0,0,12,24,2,0,0,0,0,1,0,0,0,0,0,0,1,0,0,1,1,1,12,2,1,0,2,1,26,1,0,0,0,2,2,0,0,0,0,0,0,0,0,0,0,0,0,0,0,0,0,0,1,0,0,0,0,1,0,0,0,0,1,0,2,0,1,0,0,9,0,0,0,0,2,1,0,0,0,0,0,1,0,0,0
0,1,0,1,6,0,0,1,1,0,0,0,1,2,1,0,0,0,1,1,2,1,1,4,0,9,6,13,12,2,0,1,0,0,0,1,1,0,0,2,6,1,4,14,19,1,0,15,11,7,8,5,5,11,1,0,0,0,1,0,0,1,1,0,1,0,2,11,5,2,0,13,4,0,2,6,20,0,2,10,7,0,1,8,4,3,3,5,2,3,0,4,2,5,0,4,0,2,0,1,9,2,0,2,0,1,2,9,0,1,1,0,2,1,0,9,4,0,0,3,1,5,1,1,1,0,0,3,0,1,0,3,0,1,0,0,3,0,1,2,5,1,1,4,0,0,0,0,1,0,0,16,4,0,2,4,0,10,2,4,1,0,2,8,5,0,0,1,0,12,9,2,2,2,1,0,2,0,0,3,3,0,1,1,7,0,4,3,12,1,0,3,15,1,5,0,5,0,1,0,0,0,2,2,1,1,1,0,0,0,8,7,14,1,0,11
1,0,0,1,1,1,1,0,1,1,1,0,0,3,0,0,0,0,0,4,2,2,0,4,1,7,3,14,4,6,0,1,2,0,0,0,3,1,1,4,31,0,9,1,3,0,12,0,1,0,4,0,27,1,0,1,0,0,0,1,2,1,4,6,23,0,1,0,3,0,0,0,0,0,1,1,1,0,5,0,1,0,1,1,0,0,2,3,3,0,0,1,0,1,0,2,2,3,1,29,16,3,0,2,4,0,1,0,0,1,0,0,0,0,12,10,17,0,10,1,0,3,0,0,3,3,0,3,1,0,0,0,0,2,0,0,0,0,2,1,8,0,2,0,0,2,0,3,0,2,4,14,10,1,0,2,1,2,2,1,0,2,1,41,6,1,2,6,2,18,0,7,2,18,2,18,5,0,0,2,0,0,1,3,2,0,9,0,1,0,13,0,1,0,0,0,21,0,0,0,0,0,0,0,0,0,0,1,2,0,1,1,0,0,0,0
0,0,0,1,1,5,0,0,2,0,0,0,0,0,1,0,0,0,0,8,1,0,0,7,0,13,3,5,1,32,0,8,4,0,0,6,0,1,0,6,28,1,2,0,3,0,2,0,7,0,3,2,29,1,0,0,0,0,0,0,0,0,0,0,5,0,7,0,0,0,0,0,0,1,1,7,10,12,0,0,0,0,0,2,1,0,3,4,1,0,0,1,2,1,0,2,0,8,2,25,5,19,2,1,0,0,0,0,0,0,0,0,0,0,13,0,18,0,0,1,1,0,1,0,2,0,0,0,1,0,0,0,0,0,0,0,0,0,6,0,10,0,0,0,0,0,0,0,0,0,0,7,14,0,0,3,0,2,1,0,0,2,0,23,0,0,0,7,0,3,0,0,0,8,3,21,33,0,0,2,6,0,0,2,15,0,21,0,5,0,3,1,22,0,0,0,27,0,0,0,0,0,0,0,0,0,0,0,0,0,5,0,3,0,0,0
0,0,0,0,0,0,0,1,2,3,1,0,0,1,0,3,1,0,1,1,2,2,3,2,0,0,0,1,0,1,0,2,1,1,0,0,0,1,2,6,1,1,2,0,3,2,3,1,2,7,1,10,6,1,1,4,10,3,9,0,0,6,7,10,5,3,0,0,0,0,1,0,0,0,0,1,0,1,3,5,7,6,8,0,0,1,3,14,3,2,3,5,24,10,10,5,0,6,1,11,2,0,1,1,1,0,3,0,0,5,3,2,0,1,4,2,5,5,9,0,0,11,16,16,8,3,4,8,15,9,4,2,1,11,7,8,5,5,0,2,3,1,3,0,0,0,0,0,1,0,2,3,8,10,7,0,0,4,2,12,1,0,1,6,4,17,10,0,0,4,2,6,4,1,3,1,4,1,1,0,0,1,0,2,0,1,0,0,2,1,3,0,0,5,1,2,1,0,1,0,0,1,1,0,0,3,2,2,1,0,0,0,0,0,0,0
0,0,0,0,0,0,0,0,0,1,0,0,0,0,0,12,1,0,0,0,0,0,0,0,0,0,0,0,0,0,0,0,0,0,0,0,0,0,0,0,0,0,0,0,0,0,0,0,0,1,1,0,0,0,7,1,17,34,10,0,0,1,0,1,0,0,0,0,0,1,2,0,0,0,0,0,0,0,0,0,0,65,2,1,0,1,0,20,1,0,1,1,0,55,3,1,0,0,0,1,0,1,0,1,0,29,1,0,0,1,13,0,0,0,0,0,2,1,0,1,0,65,21,14,0,27,1,2,88,0,3,0,0,0,19,1,0,0,0,0,1,0,0,0,0,0,0,0,0,0,0,0,0,1,0,1,0,1,0,15,0,4,0,0,3,1,0,0,0,0,0,0,0,0,0,0,0,1,0,0,0,0,0,0,0,0,0,0,0,1,0,0,0,0,0,1,0,0,5,0,19,4,3,0,0,1,1,1,0,0,0,0,0,0,0,0
0,0,0,0,0,0,0,0,0,2,0,0,0,0,0,13,0,1,0,0,0,1,0,0,0,0,0,0,0,0,0,0,0,0,0,0,0,0,0,0,0,0,0,0,0,0,0,1,0,0,0,0,0,0,8,0,23,11,5,1,0,0,0,0,0,0,0,0,0,1,0,0,0,0,0,0,0,0,0,1,0,46,0,0,0,1,0,47,0,0,4,0,5,67,4,4,0,0,0,0,0,0,0,0,0,40,0,0,0,2,14,1,0,0,0,0,0,0,0,0,0,45,47,13,0,36,0,0,81,1,0,0,0,0,10,0,0,0,0,0,5,0,0,0,0,0,0,0,0,0,0,0,0,0,0,0,0,0,0,10,0,0,0,0,0,0,0,0,0,0,0,0,0,0,0,0,0,0,0,0,0,0,0,0,0,0,0,0,0,0,0,0,0,1,1,0,0,3,5,0,33,2,1,0,0,0,0,0,0,0,0,0,0,0,0,0
0,1,0,9,1,6,0,1,1,0,0,0,0,0,0,0,0,0,0,1,0,1,1,19,0,2,0,25,3,45,0,5,2,0,0,2,7,0,0,3,35,1,0,0,1,0,0,0,3,0,1,1,2,2,0,0,0,0,0,0,0,0,0,0,0,0,0,0,0,0,0,0,1,1,0,9,25,1,0,0,0,0,0,0,0,0,1,1,0,0,0,0,0,1,1,0,1,0,1,12,12,7,0,1,1,0,0,1,0,0,0,0,1,0,5,0,1,0,0,0,0,0,0,0,0,0,1,0,0,0,0,1,0,0,0,0,1,1,15,8,28,0,0,1,0,0,0,0,0,1,0,0,2,0,0,0,0,0,0,0,0,1,0,5,0,0,0,32,0,0,0,0,0,16,0,31,25,0,0,13,9,0,0,1,14,0,41,0,4,0,0,0,34,0,0,0,30,0,0,0,0,0,0,0,0,0,0,0,0,0,9,0,8,0,0,0
0,0,0,0,0,0,0,0,0,0,0,0,0,0,0,0,0,0,0,6,0,4,0,8,0,0,0,1,0,2,0,0,0,0,0,0,0,0,0,6,0,0,0,0,6,0,0,0,1,0,5,38,18,0,2,0,1,1,0,0,0,0,0,1,0,0,0,0,2,0,0,0,0,0,0,11,0,0,1,0,2,3,0,1,0,1,0,19,3,2,0,24,3,46,2,13,0,3,0,35,4,5,0,1,1,0,0,0,0,0,0,1,2,0,4,6,50,0,1,0,7,5,13,12,14,0,1,13,39,0,2,1,0,2,0,0,2,0,0,0,31,0,0,0,0,0,0,0,0,0,1,0,3,1,0,1,0,0,0,0,0,0,0,18,8,4,0,9,0,1,0,1,0,4,0,0,9,0,1,1,0,0,0,0,1,0,0,0,1,0,0,0,3,1,7,20,12,0,0,0,0,0,0,0,0,0,0,1,0,0,1,0,0,0,0,0
1,0,0,13,2,0,0,0,1,0,0,0,1,1,0,1,0,0,0,0,0,36,0,21,0,0,1,6,0,3,0,0,1,0,0,2,0,1,1,2,0,0,1,0,5,0,0,0,15,2,14,0,0,0,0,0,0,0,0,0,0,0,1,1,0,0,1,0,3,2,0,0,12,0,0,42,6,2,1,1,1,0,1,2,35,1,13,12,4,0,0,0,0,8,0,5,0,0,0,3,0,2,1,0,3,0,1,0,0,0,0,0,1,1,0,1,11,0,1,2,0,1,8,0,0,3,1,11,9,17,1,27,0,0,0,0,0,1,0,14,15,5,0,28,0,0,0,0,1,0,0,0,0,0,0,0,0,0,1,0,1,0,0,0,0,5,0,5,0,0,0,0,0,0,0,0,1,1,0,4,3,0,2,0,0,0,2,4,13,0,0,2,12,1,29,0,0,2,1,4,3,0,0,4,1,0,0,0,0,0,3,7,21,3,0,8
0,1,0,0,0,0,1,2,4,0,0,0,1,0,0,0,2,0,2,5,1,13,5,1,0,1,1,8,2,0,0,0,2,0,0,0,0,0,0,8,7,0,5,0,6,3,3,0,5,4,2,15,18,0,1,0,1,3,5,1,1,0,0,6,1,0,2,1,1,1,0,0,0,0,0,12,5,0,1,3,6,4,3,1,1,2,2,11,7,1,5,1,0,11,12,0,1,2,2,24,6,1,3,0,4,1,1,1,0,3,3,3,0,1,4,8,16,4,1,2,3,8,14,2,4,3,2,15,17,4,2,3,1,7,4,9,4,5,1,5,9,0,0,0,0,1,0,1,0,1,0,4,7,0,1,2,2,1,1,0,0,3,0,14,15,10,5,10,0,4,0,6,1,3,0,2,6,0,0,1,1,2,0,3,0,0,4,0,5,0,0,0,5,3,5,1,6,3,0,0,0,1,1,0,0,0,0,1,0,0,0,1,1,0,0,0
0,1,0,0,0,0,0,4,8,0,0,0,0,2,1,0,0,1,2,3,2,3,1,0,0,2,0,1,0,0,0,0,2,1,0,0,0,0,0,6,0,0,3,2,4,2,3,0,3,9,8,22,10,1,2,2,1,5,6,1,0,0,0,7,4,0,1,0,2,0,3,0,0,0,0,3,2,0,2,1,4,15,8,4,1,2,0,29,7,0,7,2,1,28,20,0,0,0,0,18,4,1,3,0,0,2,4,0,0,11,4,0,0,2,1,2,23,0,0,1,1,16,22,0,1,2,2,6,25,1,0,6,0,9,6,7,4,2,0,0,13,0,0,0,0,0,0,0,0,1,0,5,12,0,0,1,0,2,3,2,1,0,2,14,13,3,0,6,0,6,1,3,1,3,0,1,5,0,0,0,1,0,0,2,1,0,0,0,1,0,0,0,0,3,5,5,4,5,2,0,0,0,1,0,1,1,1,2,1,0,0,0,0,0,0,0
0,0,0,0,0,0,0,0,0,0,0,0,0,0,1,0,0,0,0,21,7,0,0,17,0,0,0,0,0,10,0,2,2,1,0,0,0,0,0,21,5,1,0,0,2,0,0,0,0,0,1,7,28,0,0,0,0,0,0,0,1,0,0,1,1,1,0,1,2,0,0,0,0,0,0,23,3,2,0,0,0,0,0,0,0,0,0,1,2,0,1,2,0,1,0,5,1,6,1,20,2,67,0,1,2,0,0,0,0,0,0,0,0,1,14,1,16,0,0,0,3,0,0,0,7,0,0,0,0,0,1,0,0,0,1,0,0,0,1,3,28,0,0,1,0,0,1,0,0,1,0,1,2,0,0,3,0,0,0,0,0,3,0,7,3,0,0,11,0,0,1,0,0,2,0,26,48,0,0,6,0,0,0,1,2,0,13,0,16,0,4,0,25,0,1,1,61,0,0,1,0,0,0,0,0,0,0,0,0,0,2,0,5,0,0,0
0,2,1,2,0,2,0,4,3,0,1,3,0,1,0,0,0,4,0,2,2,0,2,5,10,1,5,3,3,3,1,8,6,0,0,3,3,0,0,4,17,0,5,1,8,1,6,0,7,0,2,1,21,0,1,0,1,0,5,0,4,2,1,3,16,0,2,5,4,1,1,0,1,0,0,2,5,3,1,3,0,0,0,5,0,1,0,1,3,1,0,4,0,0,2,1,7,3,3,11,17,5,0,10,1,0,0,2,0,1,0,0,0,1,5,4,5,1,3,2,0,0,0,1,3,2,0,2,0,0,0,0,1,2,1,1,4,1,1,6,2,0,2,0,1,8,4,3,0,11,0,5,2,0,4,3,1,7,3,3,0,6,1,12,3,2,0,5,4,6,10,4,11,18,0,14,10,0,0,3,2,0,0,0,3,1,13,4,13,5,12,0,3,0,1,1,20,0,0,0,0,0,1,0,1,0,0,1,2,0,2,3,2,0,1,0
0,0,0,0,0,0,0,1,0,0,0,0,0,0,0,0,0,0,1,4,2,21,4,8,0,5,1,13,6,4,0,1,0,0,0,0,0,0,0,7,12,0,2,3,5,3,0,3,8,1,3,4,21,1,0,2,1,2,0,1,0,0,0,0,0,0,0,7,4,3,0,1,0,1,0,32,8,0,0,4,0,2,0,2,0,4,2,7,1,2,1,0,0,7,4,0,0,3,0,21,1,1,0,7,4,0,0,2,0,0,0,1,4,1,6,3,10,0,0,5,3,0,2,0,1,5,4,11,5,5,0,20,0,0,3,1,2,3,1,10,29,1,0,5,0,0,0,0,0,0,0,3,2,1,0,5,0,3,0,0,0,3,0,7,4,6,1,17,0,3,2,0,1,5,0,5,6,0,0,2,0,0,0,0,4,0,11,2,21,0,0,0,30,0,9,1,3,2,0,0,0,4,0,0,0,0,0,0,1,0,3,4,2,0,1,1
4,0,0,14,6,2,0,0,0,0,0,0,1,0,0,0,0,0,0,1,0,19,0,29,2,2,0,20,0,14,0,0,1,1,0,1,0,0,1,2,3,0,1,1,1,0,0,0,13,0,2,1,4,0,0,0,0,0,0,0,0,0,0,0,0,0,0,0,1,0,0,1,20,0,0,29,27,1,1,0,0,0,0,0,19,0,7,2,4,0,1,0,0,4,0,0,3,0,0,5,1,3,0,0,2,0,0,0,0,0,0,1,0,0,0,2,4,0,0,0,2,0,0,0,0,0,0,4,1,4,0,20,0,0,0,0,0,0,1,11,23,0,0,37,1,0,0,3,1,0,0,0,0,0,0,2,0,0,0,0,0,0,0,0,0,2,0,23,0,0,0,0,0,1,0,1,0,0,0,17,1,0,0,0,1,0,4,0,15,0,0,0,41,1,23,2,4,2,0,1,1,0,0,0,0,0,0,0,0,0,1,8,46,1,0,7
0,0,0,0,1,0,0,2,2,2,8,0,0,0,1,0,0,0,3,0,0,0,1,0,1,2,2,2,9,0,1,1,1,0,1,1,0,0,0,2,7,0,5,5,5,6,18,1,3,4,1,5,16,0,4,0,7,1,5,0,7,5,10,12,33,4,3,1,2,0,4,0,0,0,0,1,5,0,1,12,9,5,20,3,0,2,0,2,2,1,1,2,3,0,3,1,0,6,4,5,7,1,0,2,0,1,0,1,0,7,1,0,0,2,2,1,3,0,7,1,0,14,2,0,2,0,0,1,0,0,0,0,0,5,1,0,5,0,1,0,1,0,0,0,0,7,0,0,0,2,0,18,10,4,16,5,1,30,2,0,0,3,2,11,8,0,0,1,1,34,19,3,11,1,0,2,3,1,0,0,1,0,0,1,3,1,1,2,1,0,2,0,2,0,0,3,3,0,0,0,0,0,2,0,0,1,0,0,4,0,1,0,1,0,0,0
0,12,4,0,1,13,0,1,0,6,0,25,0,6,4,1,1,27,0,1,0,1,0,2,0,5,4,0,0,3,1,2,0,8,2,13,2,0,0,2,3,0,1,0,0,0,3,0,0,0,0,0,1,0,6,0,0,4,2,0,4,0,0,2,1,0,12,0,0,4,23,0,0,0,0,0,0,0,3,0,0,4,2,7,0,4,0,3,0,3,2,0,0,3,0,0,2,0,0,1,1,0,5,2,0,15,14,6,8,4,13,0,2,1,1,1,1,0,1,1,0,1,4,0,0,3,0,1,4,0,2,3,1,1,6,1,0,0,1,0,3,0,1,2,2,16,16,0,1,12,0,2,0,0,0,6,0,5,2,0,0,9,0,3,2,0,0,2,1,1,3,0,0,4,1,0,0,1,2,3,18,0,6,2,5,0,2,0,0,2,1,0,0,0,0,1,2,0,20,0,2,2,5,0,40,1,3,3,7,0,10,1,0,1,12,0
0,0,0,0,0,0,0,0,3,0,0,0,0,0,1,1,0,0,0,0,2,1,1,0,0,0,0,3,2,0,0,0,0,0,0,0,0,2,0,0,3,0,2,6,12,2,5,2,3,11,24,5,12,0,1,0,0,6,5,0,0,0,1,7,6,1,0,0,2,1,2,0,0,0,0,4,2,0,2,17,23,10,9,2,1,39,37,14,14,0,0,0,2,10,9,0,0,0,0,16,11,0,0,0,0,0,0,0,0,1,1,0,0,0,0,2,9,0,1,0,0,3,28,0,0,0,0,4,14,3,6,2,1,5,9,5,2,2,0,2,11,1,0,0,0,0,1,0,0,0,1,4,4,0,0,1,1,5,4,1,0,0,1,7,12,9,2,12,0,5,1,12,4,5,0,3,4,1,0,0,0,0,0,0,0,0,0,1,4,0,0,0,1,5,11,0,1,0,0,1,1,0,1,0,0,0,0,0,2,0,0,0,0,0,0,0
0,0,0,2,0,4,0,1,0,0,0,1,0,1,0,1,0,2,1,7,5,3,0,4,0,6,1,10,2,6,0,2,3,0,0,1,6,0,2,8,16,0,5,2,8,1,4,0,4,0,5,5,30,1,0,0,0,0,1,0,1,2,2,9,5,2,1,0,0,0,0,1,0,0,0,9,3,1,0,5,1,0,0,0,0,0,0,3,1,1,0,4,0,1,3,3,1,3,2,38,14,4,0,3,3,0,0,0,0,0,1,0,1,0,19,0,22,0,10,0,3,2,0,2,15,0,1,3,4,0,1,0,1,1,0,0,4,1,3,7,4,1,2,0,0,1,0,1,1,1,0,12,7,0,0,1,0,3,0,0,0,2,0,37,13,5,1,10,0,8,0,9,2,9,1,10,10,0,0,1,0,1,1,0,4,0,8,0,7,0,7,0,6,0,0,0,16,0,0,0,0,0,1,0,1,0,0,1,1,0,1,0,1,0,1,0
0,0,0,10,1,5,0,0,0,3,0,3,0,0,0,5,0,1,0,0,0,18,0,43,0,0,0,24,1,14,0,0,0,1,0,9,4,0,2,0,6,0,1,0,0,0,0,0,0,0,1,0,0,0,0,0,0,0,0,3,0,0,0,0,0,0,0,0,0,0,0,3,6,4,2,47,19,5,0,0,0,0,0,0,0,0,0,2,0,0,0,0,0,1,0,7,0,0,1,4,0,0,0,0,0,0,0,1,0,0,0,0,0,0,0,0,0,0,0,0,1,0,0,0,0,0,0,0,1,0,0,20,0,0,0,0,0,0,7,10,62,0,1,19,0,0,0,1,0,0,0,0,0,0,0,0,0,0,0,1,0,0,0,0,0,2,0,26,0,0,0,0,0,1,0,3,0,0,0,12,6,2,2,3,13,0,11,1,1,0,0,0,81,0,1,0,5,0,0,0,0,0,0,1,1,0,0,0,0,0,19,0,25,0,0,1
0,0,0,0,0,0,0,0,3,1,0,0,0,0,0,0,0,0,0,0,1,13,3,2,0,0,0,2,0,0,0,0,0,0,0,0,0,0,0,2,2,0,2,1,3,1,1,0,3,1,4,17,10,2,0,2,0,1,0,0,0,0,1,3,0,1,0,0,0,0,0,0,0,0,0,16,0,0,0,3,1,1,2,0,1,0,1,22,6,0,2,8,4,53,13,9,0,1,0,29,2,1,0,1,1,2,0,0,0,3,0,0,0,0,1,3,24,0,1,0,7,6,21,34,12,1,0,13,57,11,2,5,0,5,7,3,0,5,1,1,15,1,1,1,0,0,0,0,0,0,0,1,4,0,1,0,1,0,2,4,1,0,1,6,16,9,2,4,0,0,0,1,0,1,1,1,6,0,0,0,0,1,0,1,0,0,1,0,2,0,0,0,4,0,2,12,4,1,0,0,2,1,0,0,0,0,0,1,0,0,0,0,1,0,0,0
0,0,0,0,0,0,0,1,2,0,0,0,0,0,0,0,0,0,0,1,1,0,2,2,0,3,2,7,3,2,0,1,1,0,0,0,0,1,0,6,15,0,9,2,15,0,22,0,1,1,5,8,50,0,0,0,0,0,0,0,2,2,3,8,32,0,0,0,0,0,0,0,0,0,0,0,1,0,2,6,6,0,5,0,0,0,0,2,3,1,0,2,0,2,8,0,0,10,10,19,22,1,0,0,0,0,1,2,0,1,0,0,0,0,7,12,16,0,6,0,0,3,0,0,2,0,0,1,1,0,0,0,0,5,2,0,0,3,0,2,2,0,0,0,0,1,0,0,0,2,2,26,27,0,4,0,0,15,1,2,1,2,1,37,3,0,0,2,1,39,4,8,2,6,1,8,2,0,1,0,0,0,0,0,1,0,2,0,0,0,10,0,0,0,0,0,6,0,0,0,0,0,0,0,0,0,0,1,1,0,0,1,1,0,0,0
20,0,1,34,21,25,0,0,0,0,0,0,7,1,2,4,2,5,0,0,0,4,0,33,2,0,0,16,1,13,0,0,0,1,0,32,4,0,0,0,0,0,0,0,0,0,0,0,2,0,0,0,0,0,0,0,0,0,0,0,0,0,0,0,0,0,0,0,1,0,0,0,29,0,7,3,9,6,0,0,0,0,0,1,2,0,1,0,1,4,0,0,0,1,0,3,0,0,0,1,0,2,0,0,1,0,0,8,1,0,0,0,1,0,0,0,0,0,0,0,0,0,1,0,0,0,0,0,0,0,0,7,0,0,0,0,0,0,19,3,23,2,1,10,1,0,1,0,0,1,0,0,0,0,0,0,0,0,0,0,0,0,0,0,0,2,0,15,0,0,0,0,0,1,0,1,2,0,0,12,45,0,12,0,1,1,4,0,2,0,0,0,43,0,4,0,0,0,2,0,1,0,0,0,1,0,0,0,0,0,40,2,20,0,0,5
0,0,0,3,2,8,0,0,1,0,0,2,0,1,0,1,0,0,0,1,1,10,0,48,0,0,0,16,0,19,0,0,3,1,0,16,2,0,0,9,7,2,0,0,0,0,0,0,0,0,0,1,4,1,0,0,1,0,0,2,0,0,0,0,0,0,0,1,0,0,0,1,1,0,2,38,7,8,0,0,0,2,0,0,0,0,1,1,0,4,0,0,2,1,0,1,0,2,0,11,2,5,0,2,0,1,0,3,0,0,0,0,0,0,8,0,1,0,0,0,8,0,0,0,2,0,0,3,2,0,0,7,0,0,0,0,0,0,26,6,36,0,3,7,0,0,0,0,0,0,0,0,1,1,0,0,0,0,0,0,4,0,0,5,3,1,0,18,0,0,0,0,0,2,0,5,11,1,0,9,10,3,0,10,19,2,12,0,3,0,0,0,48,1,5,1,10,1,0,0,1,0,0,2,0,0,4,0,0,0,18,2,16,0,1,0
0,0,0,0,0,0,0,1,1,0,0,0,0,0,0,0,0,0,1,3,1,8,1,1,0,0,0,2,0,0,0,0,2,0,0,0,0,0,0,12,2,0,4,4,12,3,10,0,2,9,3,40,21,0,0,1,2,2,3,0,0,4,0,25,2,3,0,0,0,0,0,0,0,0,0,3,0,0,3,3,11,3,10,0,0,3,1,4,2,0,2,10,4,21,11,2,0,3,0,22,3,1,0,1,0,0,0,0,0,1,0,0,0,2,5,17,35,2,9,0,1,18,6,1,5,1,0,28,13,3,3,1,0,13,1,3,3,0,0,2,2,0,0,1,0,1,0,0,0,0,0,7,10,0,4,0,0,0,0,1,1,0,0,26,12,14,2,1,0,1,1,4,2,2,0,4,0,0,0,2,0,0,0,0,0,0,2,1,6,0,1,0,0,0,0,4,0,0,0,0,0,0,0,0,1,0,0,0,0,0,0,3,0,0,0,0
0,0,2,0,1,0,0,0,2,0,1,0,2,1,4,3,0,0,0,1,2,3,1,1,0,3,1,1,1,0,0,0,0,0,0,0,0,0,0,5,2,0,1,0,3,7,10,0,1,1,1,9,11,1,0,0,1,11,13,0,0,0,2,17,11,2,0,0,0,1,0,0,2,0,2,3,3,0,1,1,1,8,14,0,3,2,3,12,10,0,1,1,1,16,12,0,2,0,2,18,6,1,0,1,1,2,3,0,0,1,1,0,0,0,5,9,5,4,2,0,2,11,15,5,5,4,1,9,24,8,3,8,1,15,12,4,1,2,1,3,3,3,1,2,0,2,5,0,0,0,0,10,12,3,5,1,1,8,6,1,1,2,0,14,14,9,5,3,2,13,2,2,1,0,0,1,3,1,0,0,1,0,0,0,0,0,0,1,1,3,0,0,1,2,1,1,2,0,0,0,0,6,1,1,2,0,0,3,0,0,0,0,0,1,1,0
0,0,0,2,0,0,0,1,1,0,0,1,0,0,0,0,0,0,0,4,2,2,1,0,0,1,0,5,3,1,0,2,1,0,0,0,0,0,0,3,3,0,1,1,9,0,7,0,6,2,4,14,39,2,0,0,0,1,0,0,0,0,0,6,10,0,0,0,2,0,0,0,2,1,0,2,6,1,0,1,3,0,4,0,0,0,0,5,16,0,1,4,0,8,8,2,3,2,1,40,26,2,0,2,1,0,0,0,0,0,0,2,0,0,2,11,35,0,5,0,2,3,9,2,10,0,1,10,12,1,2,1,0,4,2,5,0,1,0,4,8,0,0,0,0,2,0,1,0,2,0,3,9,0,0,1,1,3,2,2,0,1,0,34,12,15,1,9,2,6,6,15,2,10,0,7,6,1,0,0,0,0,0,0,0,0,3,1,10,1,0,0,3,0,6,0,9,0,0,1,0,0,0,0,0,0,0,0,0,0,0,0,0,0,0,0
0,0,0,0,0,0,0,0,2,2,2,1,0,0,0,3,0,0,0,3,0,0,0,3,0,2,1,0,0,4,0,2,2,0,0,0,0,0,0,5,5,0,0,0,0,1,7,0,0,2,0,19,16,0,0,0,4,3,3,0,5,5,7,17,21,3,0,0,0,0,1,0,0,0,0,1,0,0,2,0,4,3,13,0,1,1,0,4,8,0,4,5,8,7,4,11,4,6,8,15,5,14,1,0,1,0,0,0,0,3,1,0,0,1,4,2,13,1,13,0,0,6,10,2,4,1,0,7,5,0,0,0,0,5,0,0,0,2,0,3,16,0,0,1,0,4,2,0,0,3,2,6,15,2,7,0,0,13,5,0,0,1,0,18,6,2,0,6,0,14,2,0,0,11,1,16,15,1,0,1,0,0,0,0,2,0,2,0,3,1,15,0,0,0,0,11,24,0,1,0,0,0,0,0,0,0,1,0,1,0,0,0,1,0,1,0
0,0,0,0,0,0,1,0,0,0,0,0,0,1,0,0,0,0,0,2,3,8,2,0,0,0,0,0,0,0,0,0,0,0,0,0,0,0,0,8,0,0,4,1,7,1,7,0,2,2,15,34,15,0,1,1,2,2,3,0,0,1,0,12,1,0,0,1,1,0,0,0,0,0,0,5,0,0,1,2,6,5,4,0,1,1,2,27,9,0,2,14,10,40,12,2,0,3,0,21,1,2,0,1,0,0,0,0,0,1,1,2,0,0,1,13,44,3,3,1,2,12,20,15,1,1,0,37,23,2,0,1,0,8,4,4,3,2,0,2,2,0,0,0,0,0,0,0,0,0,0,4,7,0,0,1,0,1,1,2,0,0,1,11,13,11,4,1,0,0,0,4,0,1,0,2,3,0,0,0,0,0,0,0,0,0,1,1,4,0,0,0,0,1,2,2,2,0,0,0,0,0,0,0,0,0,0,0,0,0,0,0,0,0,0,0
0,0,0,0,0,0,0,0,3,1,0,0,0,4,2,0,1,3,0,1,0,3,3,0,0,0,0,2,0,0,0,0,0,1,0,0,0,0,0,0,0,0,0,0,0,1,0,0,0,1,12,3,0,1,3,1,3,22,1,5,0,0,1,1,0,1,0,0,3,1,1,0,0,1,0,3,1,1,0,1,3,28,1,1,4,20,18,30,0,15,0,2,2,28,1,3,0,0,0,4,0,0,1,1,0,17,0,1,0,1,7,3,1,0,0,0,6,5,2,3,1,5,26,3,2,1,9,10,20,37,14,19,2,0,7,9,2,2,3,5,15,3,1,3,0,1,1,0,0,0,0,0,0,0,0,0,1,0,10,0,0,0,0,0,9,6,1,1,0,0,1,1,0,0,0,0,2,1,0,0,0,1,2,1,0,0,0,0,5,0,0,1,0,4,18,0,1,0,0,2,4,13,3,2,0,0,2,0,0,0,0,0,3,1,0,0
0,1,2,2,0,12,0,2,0,0,1,0,0,0,0,0,0,2,1,6,0,1,2,4,1,12,3,19,5,29,6,6,5,0,2,4,12,0,0,4,44,0,12,1,1,0,8,0,1,0,0,1,5,0,0,0,1,0,0,0,8,0,1,4,21,0,2,0,0,0,0,0,1,0,0,0,3,0,1,1,1,0,1,0,0,0,0,0,0,0,1,0,1,0,1,0,4,2,2,2,5,0,3,1,2,0,1,0,0,0,0,1,0,1,16,2,3,0,7,0,0,1,0,0,0,1,0,1,0,0,0,0,0,3,0,0,0,1,8,1,1,0,1,0,0,2,0,5,0,10,2,17,2,1,3,2,0,3,0,0,0,3,0,21,0,0,1,7,1,10,0,4,0,19,3,34,8,0,0,4,4,0,0,2,22,0,28,0,0,0,14,0,3,0,0,2,10,1,0,0,0,0,0,0,3,0,0,0,3,0,6,0,0,0,2,0
4,0,0,19,8,0,0,0,0,0,0,0,1,0,0,0,0,0,6,1,0,21,2,11,5,0,0,14,7,0,0,0,1,0,0,1,1,0,0,1,0,0,0,0,1,0,0,0,1,0,12,0,0,0,0,0,0,0,0,0,1,0,0,0,0,0,0,0,1,0,0,5,26,0,0,7,15,0,2,0,1,0,1,0,41,1,24,5,7,1,3,0,0,2,0,1,1,0,0,5,1,0,1,0,0,0,0,5,0,0,0,7,2,1,0,0,1,0,0,4,1,0,0,1,0,5,0,3,4,15,3,27,1,0,0,2,1,5,1,4,4,1,0,37,0,0,0,6,1,1,0,0,0,0,0,0,0,0,0,0,0,0,1,0,2,14,4,8,0,0,0,8,2,1,0,0,1,0,0,5,0,0,1,1,0,0,0,1,10,0,0,1,4,3,43,0,0,0,0,1,1,0,0,0,0,0,0,0,0,0,0,9,43,1,0,20
0,0,0,0,0,0,0,0,0,7,0,0,0,0,0,11,0,1,1,1,3,1,3,0,0,0,0,0,0,0,1,0,1,5,2,0,0,0,0,1,0,0,0,1,0,1,1,0,0,0,0,1,2,0,3,3,21,0,1,0,0,0,1,1,1,0,1,0,0,0,0,0,0,0,0,0,0,0,0,0,1,9,2,1,0,2,0,7,0,2,19,1,78,18,12,2,0,1,1,2,0,0,4,1,2,20,14,1,0,6,8,5,0,9,0,1,2,2,0,0,0,10,11,86,2,36,3,0,17,0,0,1,1,2,12,1,0,1,0,0,2,1,0,0,0,0,0,1,0,0,0,1,0,9,0,0,0,0,0,22,0,1,1,0,1,2,1,0,0,0,0,1,0,0,1,0,0,0,1,0,0,1,4,2,0,0,1,0,0,0,0,0,0,2,0,3,0,2,1,0,25,0,0,0,0,7,9,0,0,1,0,0,2,0,0,0
0,0,0,3,0,0,0,2,2,0,1,0,0,1,0,0,0,0,0,15,4,2,0,4,0,1,0,5,0,1,0,4,2,0,0,0,2,0,0,10,5,2,2,0,10,0,3,0,10,1,9,7,34,1,0,0,0,1,0,0,0,0,2,17,6,0,1,0,0,0,0,0,0,5,0,11,2,4,1,2,1,1,0,1,1,4,3,8,6,3,0,7,3,3,0,3,0,5,0,44,4,12,0,2,2,0,0,1,0,0,1,1,0,0,11,5,37,0,16,0,6,0,6,0,11,0,2,1,3,1,1,1,0,0,0,1,2,0,0,1,16,1,1,0,0,0,0,0,0,0,2,5,5,0,0,0,0,0,0,1,0,1,0,44,13,2,2,11,0,6,0,3,1,3,0,9,7,0,0,0,1,0,0,0,0,0,3,1,7,0,5,0,5,0,7,0,15,0,0,1,0,0,0,0,0,0,0,2,0,0,0,0,0,0,1,0
0,1,0,0,0,0,0,1,1,0,0,0,0,0,0,1,0,0,0,1,2,2,0,1,0,1,1,0,0,2,0,0,0,0,0,0,0,0,0,3,3,0,2,3,11,0,11,1,2,4,7,29,29,0,0,2,4,3,2,0,1,1,1,10,13,0,0,1,0,0,1,0,1,0,0,2,1,0,1,0,2,6,4,1,0,1,2,10,11,0,1,22,8,19,5,1,0,15,3,25,3,7,0,0,0,0,0,0,0,0,0,1,0,0,1,13,37,3,6,0,2,6,12,13,12,0,0,6,24,8,1,0,0,5,0,2,1,0,0,1,0,0,0,2,0,1,0,0,0,0,0,11,19,1,0,0,0,3,1,2,1,0,0,29,6,7,0,1,0,9,2,6,0,1,0,8,2,0,0,0,0,0,1,0,0,0,2,0,2,1,5,0,0,0,2,0,0,0,0,0,1,0,0,0,0,0,0,0,1,0,1,0,0,1,0,5
0,3,1,0,0,0,0,7,1,4,14,0,1,4,0,0,0,0,0,3,0,0,0,0,0,4,1,0,1,0,0,4,2,1,0,1,1,1,0,0,2,1,0,0,1,1,31,0,3,0,1,0,9,0,4,0,3,0,9,0,28,5,14,8,53,3,0,0,0,0,6,0,0,1,1,1,1,1,0,3,2,4,20,2,0,2,1,2,0,0,0,2,0,1,0,0,2,6,1,2,3,2,0,1,1,0,2,0,0,2,1,0,1,0,2,1,1,1,10,0,0,2,2,1,2,0,0,0,0,0,1,0,1,1,4,2,3,0,0,1,0,0,0,0,2,19,3,2,1,6,2,22,8,6,21,4,0,23,1,0,0,4,0,10,4,0,0,1,0,47,5,2,3,10,0,9,3,0,2,1,1,0,0,0,1,0,1,0,0,0,15,0,1,0,0,0,5,0,0,0,0,0,1,0,2,0,3,1,4,0,2,0,0,0,0,0
0,0,0,1,0,5,0,2,1,0,0,1,0,0,4,1,2,2,0,4,1,0,0,0,3,12,6,5,3,29,5,0,6,0,0,2,3,1,1,3,17,1,5,0,1,0,4,0,2,0,4,0,3,2,0,0,0,0,1,0,2,2,1,3,13,2,1,0,1,0,0,0,0,2,2,1,5,1,1,0,0,1,1,0,2,0,5,5,5,1,1,2,1,0,0,3,2,8,5,12,11,19,5,3,5,0,0,0,0,0,0,0,1,0,8,0,1,0,10,0,0,0,0,0,6,0,0,0,0,0,0,0,0,0,0,0,1,0,5,0,1,0,0,1,0,1,2,0,0,5,11,8,6,0,1,1,1,3,1,1,2,8,0,13,4,0,0,4,1,5,3,0,0,20,20,7,37,0,1,5,3,0,4,0,34,1,1,0,2,0,7,0,6,0,5,0,39,0,0,0,0,0,0,0,0,0,1,1,1,0,6,0,0,0,2,2
0,0,0,0,0,0,0,1,0,0,1,0,0,0,0,0,0,1,0,18,0,0,0,4,0,21,1,2,2,12,0,4,0,0,0,0,0,1,1,18,30,1,5,0,0,1,8,0,2,1,0,7,27,0,0,0,0,1,0,1,1,10,1,22,10,13,0,0,0,0,1,0,0,0,0,2,0,3,0,0,1,0,1,0,0,0,0,0,0,0,0,4,0,2,0,3,0,23,0,8,1,17,1,0,0,0,0,1,0,0,0,0,1,0,19,1,7,0,20,0,0,0,0,2,4,0,0,2,0,0,1,0,0,0,0,0,2,0,5,1,3,0,2,0,0,1,0,0,0,0,16,12,28,1,9,1,0,1,0,0,0,1,1,23,6,0,1,3,0,12,0,0,1,3,3,24,18,0,1,0,0,0,0,2,7,0,11,0,1,0,18,0,3,0,0,0,18,0,0,0,0,0,0,0,0,1,0,2,0,1,0,1,0,0,0,0
1,0,2,0,0,2,0,0,1,1,1,0,0,1,4,3,1,1,1,6,3,4,2,2,0,1,0,2,0,1,1,0,5,0,0,0,1,0,0,13,3,1,1,0,4,2,4,0,0,2,5,16,19,1,4,1,0,3,1,0,0,4,2,9,5,1,0,1,0,0,2,0,1,0,1,2,0,0,3,4,5,2,4,0,0,0,4,13,6,1,0,5,5,13,14,7,1,3,1,22,4,14,0,2,2,1,1,0,1,2,7,0,0,3,11,2,21,0,4,1,1,6,6,3,8,1,3,8,12,2,2,2,1,7,5,1,1,4,2,4,7,0,2,1,0,1,0,1,0,0,0,5,10,2,4,1,1,7,1,2,0,0,3,17,6,7,0,5,0,6,0,3,0,2,0,5,12,2,2,2,1,0,0,2,1,0,3,0,2,2,4,1,2,2,3,7,11,2,2,2,0,0,0,0,0,1,3,1,1,1,1,0,1,1,0,0
0,0,0,6,0,11,0,0,0,0,0,0,0,0,0,0,0,1,1,37,17,0,0,22,0,0,1,9,0,11,0,8,29,0,0,3,5,0,0,25,11,4,1,0,0,0,0,0,2,1,0,4,5,1,0,0,0,0,0,0,0,0,0,1,0,1,1,0,0,0,0,0,1,0,0,42,3,25,0,0,1,0,2,0,1,2,2,4,4,0,0,2,3,1,0,4,0,0,1,10,0,13,1,1,0,0,0,1,1,0,0,1,1,0,37,1,7,0,0,0,23,0,5,1,3,0,1,0,0,0,0,0,0,0,0,0,0,0,11,0,15,0,0,1,0,0,0,0,0,0,0,0,0,0,0,0,0,0,1,0,0,1,1,6,12,0,0,1,0,0,0,0,0,0,4,3,18,0,0,0,10,0,1,3,6,0,7,0,5,0,0,1,45,0,5,0,12,0,0,0,0,0,0,0,0,0,0,0,0,0,3,1,1,0,0,0
0,0,0,0,0,0,0,1,1,0,1,0,0,0,0,1,1,0,0,4,1,1,0,0,0,3,1,4,1,0,0,0,1,0,0,0,0,0,0,4,7,0,2,7,9,4,9,0,0,2,1,24,31,0,1,0,1,6,3,2,1,2,3,21,11,0,0,0,0,0,0,0,0,0,0,1,1,0,1,1,3,4,4,0,1,0,0,3,3,0,2,6,2,22,3,3,2,5,7,20,12,2,0,1,0,0,0,0,0,2,1,1,0,0,5,8,32,3,11,0,1,2,4,6,3,0,1,24,5,6,3,4,0,5,3,2,0,3,0,9,8,0,0,1,0,1,0,0,1,1,1,14,10,0,5,0,0,9,1,4,0,1,0,25,7,8,4,9,0,14,1,6,1,3,1,4,3,0,0,0,0,0,1,0,0,0,2,0,3,2,8,0,0,0,1,0,11,0,0,0,0,0,0,0,0,0,0,0,0,0,0,1,0,0,0,0
0,0,1,21,1,4,0,0,2,1,0,2,1,0,0,4,0,12,2,3,0,31,3,27,3,1,1,7,1,1,0,4,5,4,0,8,4,1,5,8,1,1,0,0,0,0,0,2,4,0,1,0,0,2,0,1,0,0,0,0,0,0,0,0,0,0,1,1,2,0,0,7,7,4,7,24,5,8,1,0,0,0,0,2,0,1,0,0,0,6,0,1,0,1,0,2,0,0,2,1,0,0,2,5,13,0,0,8,0,0,0,2,2,2,10,0,3,0,0,2,3,0,0,0,0,1,3,7,3,6,0,19,0,0,0,2,0,2,16,3,30,0,2,6,0,0,0,2,0,3,0,1,0,0,0,1,0,0,0,0,0,3,1,2,0,0,1,6,0,1,0,0,0,0,1,1,1,0,0,0,16,0,4,9,5,3,10,1,2,0,0,2,47,2,6,0,3,4,0,1,0,0,0,3,2,0,0,0,0,0,17,1,11,0,0,9
1,0,3,1,0,0,0,0,0,1,0,2,0,1,2,2,0,1,2,0,3,0,3,2,10,0,6,15,15,5,0,2,2,1,0,2,1,0,0,0,13,0,1,1,2,0,1,1,13,1,2,0,13,2,0,0,0,1,0,5,0,0,0,0,2,1,0,8,8,0,0,6,3,0,0,7,37,1,0,1,1,3,0,9,5,4,2,1,8,5,0,0,1,0,0,8,1,0,2,4,19,0,0,8,5,1,0,8,0,1,2,0,0,0,4,1,2,0,0,1,0,1,6,2,1,7,0,1,0,0,0,0,0,0,1,1,0,1,0,9,10,0,0,3,0,2,1,2,0,6,0,2,0,2,1,9,0,6,4,3,0,6,1,6,12,0,0,7,0,14,10,6,2,6,0,3,3,0,0,7,0,0,0,0,1,0,9,1,26,0,1,0,30,1,9,1,3,1,0,1,1,0,0,0,0,0,0,0,0,0,1,7,18,0,0,3
0,0,0,0,0,0,0,5,8,0,0,1,0,1,0,1,1,0,3,4,3,4,3,1,0,0,0,3,1,0,0,0,1,0,0,0,0,0,0,5,0,0,3,3,11,4,4,2,1,15,8,24,8,5,2,0,0,2,6,0,0,1,1,13,3,1,4,0,2,0,2,0,0,0,1,6,1,0,1,5,11,5,15,4,2,4,3,9,6,3,3,0,1,18,14,0,0,0,0,13,5,2,1,1,2,1,4,0,0,14,2,4,1,1,1,11,14,0,0,1,2,14,9,0,2,0,8,10,8,5,5,3,0,13,2,14,3,1,0,2,7,0,0,0,0,0,0,0,0,0,0,2,14,1,0,0,0,3,2,0,0,1,5,13,15,10,5,5,0,2,3,7,0,2,0,0,6,0,0,0,0,0,0,3,2,0,0,0,3,0,0,0,3,4,6,2,3,0,1,0,0,0,0,0,0,1,0,3,2,0,0,0,0,0,0,0
0,0,0,0,0,0,0,3,0,0,0,0,0,1,0,0,0,0,0,1,1,5,0,0,0,0,0,6,2,0,0,0,0,0,0,0,0,1,0,3,2,0,3,39,36,8,6,3,6,18,20,9,20,0,1,3,2,0,4,1,0,4,1,3,3,0,0,2,0,2,2,0,0,0,0,3,6,0,1,33,13,2,3,3,3,18,6,3,11,2,0,3,2,6,3,0,0,0,0,18,14,0,0,2,1,0,0,0,0,2,0,1,0,0,0,12,14,0,1,0,0,17,13,0,1,0,0,6,9,1,2,1,1,4,2,5,4,0,0,1,3,1,0,1,0,0,1,0,0,0,1,7,7,1,0,0,0,1,1,2,0,0,2,13,16,7,7,3,0,7,1,16,9,0,0,0,0,0,0,0,0,0,0,0,0,0,1,2,2,0,1,0,0,0,3,0,0,1,0,1,1,0,0,1,0,1,0,0,1,0,0,1,0,0,0,0
41,4,38,1,3,4,0,0,4,0,0,2,13,6,29,3,1,9,2,0,0,4,0,0,1,0,3,0,1,0,0,1,1,2,0,3,1,0,0,0,0,0,0,0,0,0,0,1,1,1,4,0,1,3,0,0,0,0,0,0,0,0,0,1,0,0,0,0,0,3,0,10,11,1,14,3,1,3,0,1,6,1,1,8,9,8,30,2,5,21,1,0,2,3,0,0,1,0,1,2,4,0,0,1,6,0,0,26,22,1,5,1,1,0,0,0,0,0,0,0,4,1,0,0,0,0,12,0,1,13,1,2,3,0,0,1,0,0,5,0,1,2,0,1,4,0,1,1,0,0,0,0,0,0,0,0,0,0,5,1,0,0,0,0,0,4,1,2,1,0,1,3,1,0,0,0,0,0,0,0,12,0,3,0,0,0,1,0,0,0,0,2,5,1,7,0,1,0,15,0,2,5,2,5,0,0,1,0,0,0,10,1,6,22,1,19
2,4,0,0,0,1,2,2,3,0,0,2,0,2,0,2,1,0,1,4,1,5,0,4,0,3,1,4,1,5,0,0,0,1,0,1,1,0,1,8,12,0,2,2,6,2,10,0,3,1,1,14,33,1,1,0,0,3,1,3,3,3,0,13,3,2,0,0,0,2,0,0,2,0,0,7,2,0,0,2,1,2,2,0,0,1,0,4,3,1,0,3,2,7,3,7,3,5,3,32,9,10,0,0,0,2,0,0,1,0,3,0,0,0,13,7,25,2,3,0,2,0,6,1,8,0,0,12,4,1,1,4,0,2,5,0,0,1,0,8,13,1,1,0,1,4,1,0,0,1,0,9,9,1,2,0,2,2,1,1,5,0,2,30,7,4,3,4,1,8,1,0,2,3,1,14,4,1,0,1,0,1,0,0,0,0,5,0,9,1,7,0,4,1,1,0,12,0,0,1,3,2,0,1,0,0,1,1,0,0,0,0,1,0,1,0
0,0,0,1,0,5,0,0,1,0,0,0,0,0,1,0,0,3,0,16,1,0,0,12,0,6,0,8,0,35,0,3,2,0,0,1,3,0,2,13,33,0,3,0,0,0,0,0,2,0,0,1,16,0,0,0,0,0,0,0,0,0,2,7,7,0,1,0,0,0,0,0,1,1,1,15,4,1,0,0,0,0,0,0,1,0,0,0,0,0,0,1,0,0,0,1,0,3,2,34,10,12,0,0,5,0,0,0,0,0,0,0,0,0,35,0,9,0,11,0,2,0,0,0,3,0,0,0,0,0,0,0,0,0,0,0,0,0,10,0,11,0,0,0,0,0,0,0,0,0,0,3,9,0,0,1,1,0,0,1,0,2,0,38,4,0,0,8,0,4,0,1,0,12,1,15,41,0,0,2,2,0,1,0,13,0,13,0,0,0,5,0,17,0,0,0,42,0,0,0,0,0,0,0,0,0,0,0,0,0,3,0,0,0,0,0
0,0,0,0,0,1,0,0,0,3,0,0,0,0,1,0,1,1,0,0,2,2,0,0,0,1,0,6,0,2,0,2,0,7,1,1,0,0,0,2,3,2,0,0,2,6,2,0,0,1,0,0,7,0,0,8,15,0,0,0,5,2,4,1,4,4,0,0,1,0,1,0,0,0,1,0,5,1,0,2,0,0,0,0,0,0,3,8,9,0,2,3,9,6,0,1,6,16,18,19,11,20,0,1,2,8,2,1,0,0,2,0,0,0,1,2,6,0,15,0,1,0,10,7,64,0,0,5,13,0,0,0,0,0,1,0,0,0,0,0,0,1,2,0,0,3,0,1,0,7,0,6,0,14,3,2,0,1,3,6,7,13,0,5,12,10,1,2,0,3,0,4,0,8,1,3,6,18,4,2,1,0,0,1,1,0,6,0,0,0,0,0,6,0,3,0,2,0,0,3,30,0,0,0,0,3,7,0,0,0,2,0,2,0,0,0
0,0,0,0,0,0,0,0,0,3,0,0,0,1,0,9,0,3,0,0,0,4,0,0,0,0,0,0,0,0,0,0,0,0,0,0,0,0,2,0,0,0,0,0,0,0,0,0,0,3,1,6,0,1,3,0,8,6,11,1,1,0,0,0,0,0,0,0,0,0,0,0,0,0,0,1,0,0,2,0,0,21,0,0,0,2,1,29,0,2,5,7,13,68,27,1,0,0,0,0,0,0,0,2,2,18,3,1,0,3,10,2,0,0,0,0,8,0,0,0,0,16,29,45,0,15,6,0,70,0,3,0,1,6,35,1,0,0,0,1,1,0,0,0,0,0,1,1,0,0,0,0,0,5,1,0,0,1,0,32,0,5,0,0,0,1,0,0,0,0,1,0,0,0,0,0,0,0,0,0,0,0,0,0,0,0,0,0,3,0,0,0,0,0,3,1,0,0,1,1,14,0,2,0,0,0,2,0,1,0,0,0,1,0,0,0
0,1,1,16,4,2,0,0,1,0,0,5,0,0,0,9,3,2,0,1,0,24,2,17,0,0,0,26,1,4,0,1,0,3,1,2,2,2,5,5,4,1,0,0,0,0,0,0,2,1,2,0,1,2,0,0,0,0,1,0,0,0,0,2,1,0,0,1,2,0,0,5,5,2,2,20,14,4,0,0,0,1,2,2,1,3,3,4,3,4,0,0,0,4,0,9,1,0,0,2,4,4,0,2,1,3,0,4,1,0,0,0,0,0,7,0,4,0,0,1,2,0,0,0,0,0,0,8,1,0,0,22,0,0,0,1,0,2,21,5,46,0,0,9,0,0,0,1,0,0,0,0,0,0,0,0,0,0,0,0,0,0,1,3,1,2,0,28,0,0,0,4,2,2,0,6,5,0,0,2,16,1,6,1,9,0,12,0,3,0,1,0,42,1,13,0,4,2,0,0,0,1,0,5,0,0,0,0,0,1,12,1,9,0,0,1
0,0,0,4,0,3,0,0,0,0,0,0,0,1,0,0,0,1,0,11,8,1,0,56,0,0,0,4,0,24,1,7,14,0,0,6,0,0,1,16,6,3,0,0,0,0,0,0,0,0,0,2,0,0,0,0,0,0,0,0,0,0,0,2,1,0,1,0,0,0,0,0,0,0,0,30,1,19,0,0,1,0,0,0,1,0,1,0,0,1,1,0,0,1,0,4,0,0,0,15,0,19,1,0,0,0,0,2,0,0,0,0,1,0,18,0,1,0,1,1,9,0,0,0,4,1,0,1,1,0,0,0,0,0,0,0,0,0,41,1,26,0,1,0,0,0,0,0,0,0,0,0,0,0,0,0,0,0,0,0,0,0,0,8,5,0,0,9,0,0,0,0,0,1,5,2,36,0,0,1,7,0,1,26,20,3,8,0,0,0,2,0,40,0,2,4,30,0,0,0,0,0,0,0,0,0,0,1,0,0,9,0,0,0,0,0
2,3,5,5,17,2,1,1,1,0,1,1,0,2,0,1,0,2,2,3,1,0,1,4,9,9,8,7,18,5,0,4,0,0,1,3,8,0,0,1,17,0,13,7,9,1,5,6,7,0,1,1,13,0,1,0,0,0,1,0,4,1,1,1,3,0,2,8,3,1,3,9,10,0,0,2,7,0,0,8,0,0,0,4,1,0,0,0,0,2,1,0,0,1,1,3,1,4,1,4,4,2,0,2,0,1,2,7,6,0,0,1,4,1,0,2,0,0,0,5,1,1,1,0,1,0,3,0,2,0,1,0,2,0,0,1,1,1,0,6,0,2,0,4,4,2,0,2,7,5,0,15,0,0,1,7,0,9,1,0,0,5,2,4,1,3,0,5,1,9,5,1,4,11,0,11,0,0,0,9,4,1,0,0,4,0,12,7,12,1,3,3,10,0,0,4,2,3,3,0,0,2,1,0,3,0,0,1,1,1,7,7,16,2,0,3
1,0,0,1,0,1,0,0,0,0,0,0,0,0,0,0,1,0,1,4,0,4,0,7,0,1,0,14,6,10,0,4,1,0,0,0,1,0,0,3,15,0,0,0,7,0,1,0,10,0,0,4,43,0,0,0,0,0,0,1,1,0,0,4,4,0,0,0,0,0,0,0,1,0,1,10,9,0,0,0,1,1,0,0,0,0,0,0,0,0,1,0,0,1,1,1,2,1,0,28,39,6,0,1,0,0,0,0,0,0,0,1,0,1,10,4,30,0,3,0,1,1,0,0,4,0,0,3,1,0,0,2,0,1,0,0,0,1,7,7,14,0,0,2,0,0,0,1,0,2,1,3,5,0,1,0,0,0,0,0,0,1,0,40,5,1,1,19,0,7,1,20,8,21,1,15,22,0,0,0,0,0,0,0,7,1,8,1,14,0,4,0,10,1,0,0,27,0,0,0,0,0,0,0,0,0,0,0,0,0,1,0,1,0,0,0
0,0,1,1,1,7,2,2,1,0,2,2,0,1,1,2,0,0,2,7,0,1,2,9,1,9,0,6,0,10,2,6,8,2,1,5,4,0,1,12,18,1,9,0,0,3,6,0,6,0,0,3,15,1,1,0,0,1,5,0,5,1,0,4,14,0,2,0,3,1,3,0,2,1,1,4,3,4,0,0,0,1,3,0,0,0,1,3,1,0,5,2,1,4,3,0,1,1,0,18,9,3,0,0,1,0,0,0,0,3,1,0,0,6,8,6,16,1,3,2,0,1,3,0,0,0,1,3,2,1,1,1,2,4,0,1,1,5,4,4,8,0,1,2,0,5,0,1,0,5,5,10,6,0,1,4,1,0,0,0,0,0,1,25,0,1,0,8,0,10,1,5,0,11,1,15,10,0,0,3,4,0,0,3,4,1,12,0,2,2,9,1,8,2,0,7,16,0,0,0,0,1,2,1,2,1,0,1,3,0,3,1,3,1,2,0
0,0,0,0,0,4,0,0,0,0,0,1,0,0,1,0,0,0,0,0,3,0,0,2,1,15,13,2,2,14,0,3,4,0,0,1,2,0,0,3,22,1,2,1,2,0,0,2,0,1,1,1,21,0,0,0,0,0,0,0,0,0,0,1,1,3,0,14,8,0,0,2,2,0,1,0,16,0,0,0,1,0,1,6,0,1,0,1,1,2,0,3,3,0,0,4,3,9,16,9,15,19,2,10,12,0,0,4,0,0,0,0,1,0,2,0,0,0,3,1,0,0,0,1,6,1,0,0,0,0,0,0,0,0,0,0,0,0,4,2,7,0,0,0,0,1,0,0,0,3,2,6,2,0,1,14,0,6,1,1,0,25,1,3,2,0,0,6,0,1,4,0,0,13,2,12,32,1,0,3,0,0,0,2,8,0,22,0,19,0,0,0,19,0,2,6,43,0,0,0,0,0,0,1,0,0,0,0,0,0,2,0,8,0,0,0
0,0,0,0,0,0,0,1,0,0,0,0,0,0,0,0,0,0,0,5,0,14,0,5,0,0,0,2,0,1,0,0,0,0,0,2,0,1,0,12,3,2,3,2,6,1,0,0,2,0,1,30,23,1,1,0,1,1,1,0,0,0,1,3,0,2,0,0,1,0,0,0,0,0,0,7,0,0,0,1,1,2,0,1,0,1,0,4,0,0,0,6,0,38,2,6,1,4,0,51,0,10,0,0,1,0,0,1,0,0,0,3,0,0,13,4,46,0,6,0,0,2,3,11,30,0,2,25,39,2,1,0,1,1,0,2,0,0,0,1,16,0,1,0,0,0,0,2,0,0,0,4,1,1,0,0,0,0,0,1,0,0,0,33,4,14,0,7,0,0,0,0,0,0,0,4,5,3,0,2,0,0,0,0,0,0,2,0,3,0,0,0,5,2,1,6,13,1,0,0,3,0,0,0,0,0,0,0,0,1,0,0,5,0,0,0
0,0,0,0,0,0,0,0,0,0,2,0,0,0,0,0,0,1,0,29,8,5,0,5,0,5,0,1,0,6,3,3,8,0,0,0,0,0,0,32,7,10,6,0,0,0,1,1,0,1,0,9,13,0,0,1,0,0,0,0,0,5,1,19,2,9,0,1,0,0,0,0,0,0,1,4,1,4,1,0,1,0,1,0,0,0,0,0,1,0,0,13,0,2,1,3,0,13,2,17,1,29,0,0,2,0,0,0,0,1,0,0,0,0,26,2,15,1,24,0,5,0,0,2,15,0,1,3,5,0,0,1,0,0,0,0,0,1,6,2,4,0,0,0,0,0,0,0,0,0,10,5,6,0,3,0,0,2,1,0,0,1,0,22,9,3,0,3,0,1,0,0,0,2,8,7,31,0,1,0,0,1,0,12,4,0,6,1,1,0,5,0,5,0,0,8,33,0,0,0,0,0,0,0,0,0,1,0,0,0,0,0,0,0,0,0
0,1,0,3,0,2,0,0,0,0,0,1,0,0,0,0,0,0,0,5,3,3,0,19,4,3,1,13,0,18,2,4,5,0,0,1,4,0,0,10,20,1,3,0,1,0,0,0,1,0,0,3,6,0,1,0,0,0,0,0,0,0,0,3,3,0,1,1,6,0,0,0,1,0,0,12,7,2,1,1,1,0,0,0,0,0,0,0,0,0,1,2,0,0,1,0,2,4,5,22,14,22,0,0,3,0,0,0,0,0,0,1,2,0,10,1,2,1,3,2,3,0,0,1,6,0,0,1,0,0,0,4,0,0,1,0,0,0,7,6,28,0,0,3,0,0,0,0,0,6,1,2,3,0,0,3,1,2,0,0,2,3,0,11,7,2,0,20,0,2,1,2,0,12,3,16,25,1,0,7,1,0,0,4,10,1,20,0,3,0,3,2,18,1,0,0,55,0,0,0,0,0,0,1,0,0,0,0,0,0,3,1,7,0,0,0
0,1,0,1,0,0,0,2,3,3,0,0,0,3,1,0,0,1,0,10,0,6,2,10,0,0,0,3,0,0,0,2,0,1,0,2,1,3,0,19,0,4,7,7,6,0,6,1,1,9,4,11,6,4,3,3,2,5,1,1,0,4,2,16,3,2,0,0,0,1,0,0,0,0,0,1,0,1,2,8,4,7,1,0,1,1,3,2,1,3,0,3,5,13,1,11,0,4,0,9,5,9,1,4,2,1,1,3,1,3,3,2,2,0,8,6,11,3,12,0,0,3,3,8,8,4,1,9,12,2,6,2,0,2,2,3,4,0,4,6,15,0,5,0,0,0,0,0,0,0,3,4,4,2,2,0,0,3,0,1,1,0,6,15,6,5,0,6,0,4,1,3,0,4,2,8,6,1,0,0,0,1,2,5,1,0,7,0,7,0,6,0,0,2,0,11,11,0,1,0,1,1,1,0,0,1,0,4,0,2,2,0,1,0,1,2
0,0,0,0,0,0,0,0,1,0,0,0,0,0,1,0,0,0,0,3,0,1,0,0,0,2,0,1,0,0,0,0,0,0,0,0,0,0,0,2,3,0,3,6,20,9,13,1,1,0,3,24,51,0,0,5,0,5,2,1,0,4,3,10,9,0,0,2,1,1,0,0,0,0,0,1,0,0,1,0,5,1,2,0,0,0,1,5,7,0,1,8,1,13,9,1,2,16,7,27,18,1,0,0,1,0,0,0,0,0,1,0,0,0,0,21,31,1,6,0,0,0,2,2,5,0,0,17,3,0,0,4,0,8,1,1,1,0,0,8,7,0,0,0,0,1,0,1,0,0,0,24,15,2,2,3,0,8,5,2,0,1,0,26,5,5,0,8,0,17,5,5,2,1,0,1,1,0,0,0,0,0,0,0,0,0,1,1,6,0,3,0,0,1,1,0,8,0,0,0,0,0,0,1,0,0,0,0,0,0,0,0,0,0,0,0
0,0,0,0,0,0,0,0,0,1,0,0,0,0,0,0,0,0,0,4,0,7,0,2,0,0,0,1,0,2,0,0,0,0,0,1,0,0,0,2,0,1,0,6,31,0,0,0,10,2,31,17,19,0,0,3,0,2,0,0,0,1,0,0,0,1,0,3,2,0,0,0,0,1,0,11,3,0,0,1,2,2,0,0,1,0,4,20,25,0,0,3,2,31,4,2,0,1,0,39,6,1,0,3,0,1,0,0,0,0,0,0,0,0,3,20,25,2,2,5,1,1,5,5,0,3,0,28,10,9,5,6,0,7,0,2,0,3,0,10,9,2,0,1,0,0,0,0,0,0,0,7,3,0,0,0,0,0,0,0,0,0,0,16,3,9,3,12,0,0,0,1,0,5,0,5,2,0,1,4,0,0,0,0,0,0,0,3,18,0,0,1,3,1,10,0,3,1,0,3,0,0,0,0,0,1,0,0,0,0,0,1,5,0,0,0
0,0,0,0,0,0,0,1,0,0,0,0,0,0,0,0,0,0,0,0,0,1,1,0,0,0,0,0,0,0,0,0,0,0,0,0,0,0,0,0,0,0,0,6,3,5,4,0,1,2,0,44,7,2,0,1,2,6,4,0,0,2,1,5,4,0,0,0,0,0,0,0,0,1,0,1,0,0,0,2,4,3,1,0,0,2,1,18,1,0,0,19,7,69,14,12,0,3,0,12,4,0,0,2,0,1,0,0,0,0,0,1,0,0,0,6,32,2,5,0,1,4,17,49,9,1,1,16,60,1,2,0,0,8,10,3,0,1,0,5,7,0,0,0,0,0,0,0,0,0,0,1,14,2,0,0,0,1,3,6,1,0,0,9,11,3,1,0,0,4,0,4,0,0,0,1,0,0,0,0,0,0,0,0,0,0,0,2,3,1,2,0,0,1,1,4,1,0,0,0,1,0,0,0,0,0,0,0,0,0,0,0,0,0,0,0
0,0,0,1,0,1,0,1,0,0,0,0,0,0,0,1,1,1,0,6,0,0,0,1,0,4,0,7,3,11,0,6,2,0,0,1,2,0,3,1,21,2,8,2,7,0,20,0,7,2,1,1,37,3,0,0,0,0,0,0,5,0,3,7,32,1,0,0,1,0,0,0,0,0,0,4,2,2,0,1,3,0,0,1,0,0,0,0,1,1,1,3,0,0,0,0,0,3,1,19,25,6,0,5,1,0,0,0,0,1,0,0,0,0,11,10,19,0,13,0,0,0,1,1,4,0,0,0,0,0,0,0,0,0,0,0,0,0,0,1,4,0,0,0,0,0,0,1,1,4,1,22,7,0,1,0,0,2,0,1,0,1,0,44,6,0,0,4,1,24,0,21,1,13,0,26,4,0,0,1,0,0,0,0,1,0,9,0,15,0,14,0,1,1,0,0,11,0,0,0,0,0,0,0,0,0,0,0,0,0,1,0,1,0,0,0
2,0,1,8,3,11,0,0,0,0,0,0,0,0,1,0,0,2,3,5,0,12,2,19,3,0,1,19,7,24,0,5,6,0,0,10,7,0,0,5,13,0,2,0,0,0,0,0,5,0,0,1,1,0,0,0,0,0,0,0,0,0,0,0,0,0,1,0,1,0,0,0,8,0,2,24,28,1,0,0,0,0,0,0,1,0,0,1,0,1,2,0,0,1,4,0,2,0,0,2,9,1,0,3,0,1,0,0,0,0,0,3,0,3,2,2,4,0,0,1,4,0,0,0,0,0,0,2,2,1,0,9,0,1,0,1,1,3,11,5,29,0,0,3,0,0,0,0,0,6,0,0,0,0,0,1,0,0,0,0,0,1,0,2,2,0,0,20,1,0,0,2,0,14,0,11,13,0,0,18,8,0,0,1,10,0,21,0,3,0,0,0,53,0,2,5,13,0,1,0,0,0,0,0,0,0,0,0,0,0,7,0,24,0,0,0
0,0,0,0,0,0,0,1,1,0,0,0,0,1,0,0,0,0,0,7,1,6,0,1,0,0,0,2,2,1,0,1,0,0,0,0,0,1,0,6,3,0,3,5,9,2,1,0,4,4,9,29,23,1,0,4,2,2,1,0,0,1,1,2,2,0,0,0,0,0,0,0,0,0,0,9,1,0,0,7,2,5,1,0,0,6,2,10,5,0,2,5,3,36,6,8,1,3,0,35,5,6,0,0,1,1,0,0,0,1,1,0,1,0,7,5,44,1,4,0,4,2,8,12,17,0,1,24,19,2,1,2,0,3,1,5,0,1,0,4,12,1,0,0,0,0,0,0,0,1,0,2,7,1,0,0,0,0,1,0,1,0,0,21,18,3,0,6,0,3,0,4,5,2,0,2,8,0,0,0,0,0,0,0,0,0,0,0,7,0,0,0,2,2,3,9,4,1,0,0,0,0,2,0,0,0,0,0,0,0,0,0,0,0,0,0
0,0,0,1,0,0,1,0,0,0,0,1,0,1,1,0,0,0,3,5,1,4,6,7,1,1,0,19,11,10,0,2,2,0,0,1,1,0,0,11,21,0,2,1,2,1,3,1,4,2,2,7,13,1,3,0,0,0,3,0,1,0,0,3,4,0,2,1,5,1,1,0,0,1,0,7,15,0,0,2,0,2,1,3,0,1,1,3,1,1,2,0,1,5,6,0,2,1,0,8,18,1,0,1,2,3,0,0,0,1,2,3,2,3,12,2,12,1,1,0,2,2,1,0,4,1,2,4,3,0,0,5,0,5,2,5,3,5,0,14,11,0,0,1,0,0,0,2,1,2,1,4,9,0,0,4,0,2,0,0,0,0,1,19,4,4,3,14,1,11,0,10,7,15,2,12,16,0,0,1,0,0,0,2,3,0,17,1,6,2,3,1,17,0,2,4,12,3,0,0,1,1,2,0,0,0,0,0,1,0,1,0,2,0,0,0
0,1,1,30,8,3,0,0,0,2,0,0,0,1,1,10,0,2,0,2,1,23,1,13,1,1,0,21,1,1,0,2,0,1,0,1,14,0,4,0,3,0,6,1,2,0,0,2,24,0,7,0,1,2,0,1,1,0,0,1,1,0,0,0,0,0,3,2,2,0,0,2,23,1,8,9,12,0,1,0,1,0,0,2,11,0,3,3,3,5,0,0,1,6,0,6,2,0,0,2,1,1,0,2,0,2,0,8,0,0,0,0,0,0,3,2,12,1,0,3,0,2,4,0,0,2,0,15,4,7,3,21,0,2,0,0,0,2,1,25,17,0,0,7,2,0,0,1,0,1,0,2,0,0,0,1,0,0,0,0,0,1,0,2,1,14,0,8,0,0,1,2,1,0,0,2,0,0,0,2,4,0,1,0,2,0,11,6,19,0,1,1,17,1,10,0,2,0,0,1,0,0,0,2,0,0,0,0,1,0,3,5,11,0,1,4
0,0,0,0,0,0,0,0,0,1,0,0,0,0,0,17,1,1,0,0,0,0,0,0,0,0,0,0,0,0,0,0,0,0,0,0,0,0,0,0,0,0,0,0,0,0,0,0,0,1,0,3,0,0,1,2,19,1,0,1,0,0,1,0,0,0,0,0,0,0,0,0,0,0,0,0,0,0,0,0,0,23,1,0,0,0,0,49,0,3,15,2,29,67,19,10,0,0,1,1,0,0,1,0,0,17,1,0,0,1,18,0,0,0,0,0,4,0,0,0,0,22,50,50,0,11,1,0,68,0,0,0,0,0,19,1,0,0,0,0,10,1,0,0,0,0,0,0,0,0,0,0,0,0,0,0,0,1,1,16,1,2,0,0,2,0,0,0,0,0,0,0,0,0,0,0,0,0,0,0,0,0,1,0,0,0,0,0,0,0,0,0,0,0,1,7,0,2,2,0,14,1,1,0,0,0,1,0,0,0,0,0,0,0,0,0
0,0,0,0,0,0,0,0,0,0,0,0,0,0,0,0,0,0,0,3,0,1,1,1,0,10,1,1,0,4,0,0,0,0,0,0,0,0,0,4,11,0,8,16,35,0,7,0,6,2,7,12,65,0,0,0,0,1,0,0,0,1,0,5,8,1,0,0,0,0,1,0,0,0,0,2,5,0,0,4,2,0,2,0,0,0,0,1,8,2,0,4,1,4,4,1,0,13,1,36,27,6,0,1,0,0,1,2,0,0,0,0,0,0,6,8,32,1,3,0,0,0,1,1,3,2,0,7,1,0,0,0,0,4,0,1,0,0,0,2,4,0,0,0,0,0,0,0,0,0,1,37,17,0,1,0,0,5,0,0,0,0,0,35,5,2,0,4,0,29,3,2,0,2,0,6,6,1,0,0,0,0,0,0,0,0,0,1,6,0,1,1,1,1,3,0,7,0,0,1,0,0,0,0,0,0,0,1,1,0,0,0,2,0,0,0
1,0,0,3,1,12,0,0,3,0,0,2,0,0,0,0,0,0,0,2,0,2,2,11,3,3,3,13,2,53,2,3,11,0,0,5,7,1,0,5,35,0,0,0,0,0,0,0,0,0,1,1,2,1,0,0,0,0,0,0,0,0,0,0,1,0,1,0,4,0,1,0,5,1,0,5,16,0,0,0,0,0,0,0,2,0,0,0,0,0,0,0,0,1,1,0,8,2,1,11,9,4,1,0,2,1,1,0,1,0,0,0,1,0,12,0,0,0,1,0,0,0,0,0,0,0,1,1,0,0,0,1,0,0,0,0,1,3,11,3,11,0,0,1,0,2,0,0,0,9,0,0,1,0,0,4,0,0,0,0,0,4,1,10,0,0,0,14,0,0,0,1,1,14,3,31,32,0,0,8,3,1,0,4,24,0,36,0,1,0,0,0,25,0,1,1,33,0,0,0,0,0,1,0,0,0,0,0,2,0,14,0,0,0,0,0
0,0,0,0,0,0,0,0,0,0,0,0,0,0,0,2,0,1,0,2,0,3,3,2,0,2,0,7,1,3,0,2,2,0,0,0,0,0,2,5,8,0,3,0,1,0,7,0,2,0,0,2,43,0,1,0,0,0,0,0,2,0,1,4,34,0,0,0,2,0,0,0,0,0,1,3,5,0,0,0,2,1,1,0,0,0,0,1,1,0,1,0,0,0,4,2,2,3,1,16,47,1,0,0,2,0,0,0,0,0,0,1,0,1,9,3,24,0,21,0,4,1,1,0,6,0,0,8,1,0,0,0,0,0,1,2,0,4,0,1,7,0,0,0,0,0,0,1,0,3,0,8,18,0,0,2,0,3,0,0,0,1,0,46,12,6,0,4,0,23,1,38,3,20,0,14,13,1,0,0,0,0,0,0,0,0,3,0,2,0,12,0,3,0,1,2,20,0,0,1,0,0,0,0,0,0,0,0,0,0,0,0,0,0,0,0
0,0,0,0,0,0,1,2,1,0,0,0,0,0,0,0,0,0,1,39,13,0,0,7,0,1,0,2,0,7,3,10,9,0,0,0,0,1,0,44,6,9,0,1,2,0,3,0,2,0,1,5,6,5,0,0,0,0,0,0,1,2,0,13,0,7,0,0,0,0,0,0,0,2,0,7,0,11,0,0,0,0,0,0,0,0,0,0,1,0,0,6,1,3,0,4,0,3,0,21,0,30,0,3,1,0,1,0,0,0,0,1,0,0,44,1,11,0,15,0,5,0,0,2,21,0,0,1,0,0,2,0,0,0,0,4,0,0,8,0,4,0,0,0,0,1,0,0,0,0,2,1,4,0,0,0,0,0,0,0,0,0,0,25,14,0,2,1,0,0,0,1,0,0,3,7,33,0,2,0,0,0,0,8,4,2,13,1,1,0,5,0,14,0,0,7,26,0,0,0,0,0,0,0,0,1,0,1,1,0,0,0,0,0,0,0
2,1,1,27,5,0,0,2,0,0,0,0,0,0,0,2,1,0,0,1,0,35,0,5,1,2,1,22,3,0,0,0,1,0,0,0,4,0,0,0,2,0,2,6,13,0,0,1,20,2,20,1,3,3,0,2,0,0,0,0,0,0,0,0,0,0,0,8,5,0,0,1,28,0,2,10,17,0,0,0,2,0,0,2,30,0,5,1,2,0,0,1,1,1,0,2,4,1,0,2,3,0,2,1,3,1,0,0,0,0,0,0,0,1,1,8,5,1,0,6,0,1,0,0,0,2,1,16,1,12,0,36,0,0,0,0,0,2,3,27,12,0,0,7,0,0,0,3,3,0,0,0,0,1,0,2,0,1,0,1,0,0,0,1,1,18,2,5,1,0,1,3,0,1,0,3,0,0,0,0,2,1,0,0,2,0,3,6,29,0,0,3,8,0,13,0,4,2,0,0,0,0,0,1,0,0,0,0,0,0,0,2,6,0,0,0
1,1,1,2,12,6,1,4,0,0,0,3,0,1,0,0,0,2,0,3,0,0,0,4,6,9,2,11,23,18,0,7,1,0,0,6,13,0,0,0,30,0,10,0,12,0,1,0,22,0,3,0,17,0,0,0,0,1,0,0,0,0,0,0,6,0,3,0,2,0,1,0,3,1,2,5,18,1,0,2,2,0,0,0,1,0,1,0,2,0,0,0,0,0,0,0,3,0,1,2,21,1,0,2,0,0,0,1,0,0,0,0,0,0,5,0,10,0,0,0,0,0,0,0,0,0,0,1,0,0,0,1,0,0,0,0,0,0,4,3,5,0,0,0,0,6,0,0,0,7,0,15,0,0,1,3,0,3,0,0,0,1,0,11,0,1,0,7,4,10,1,6,2,31,0,41,5,0,0,4,5,0,0,0,9,0,27,2,18,1,4,0,7,0,0,0,9,0,0,0,0,0,0,0,0,0,0,0,2,0,7,0,3,0,1,0
0,0,0,0,0,0,0,0,1,1,2,0,0,0,0,6,0,0,1,1,4,0,0,1,0,0,0,0,0,0,0,0,0,0,0,0,0,0,1,1,0,0,1,0,0,2,0,0,0,2,6,10,3,1,1,1,11,2,2,0,0,0,2,0,0,0,0,0,1,0,0,0,0,0,0,5,0,0,1,0,4,14,0,1,0,2,1,44,3,4,3,16,32,59,13,3,0,0,0,18,0,2,0,0,3,3,2,0,0,4,5,1,0,0,0,1,17,0,0,0,4,15,39,43,11,3,4,1,51,1,5,0,0,2,19,0,2,1,0,0,4,0,0,0,0,0,0,0,0,0,0,2,0,0,0,0,0,0,3,18,2,0,1,0,17,0,1,0,0,0,1,1,0,0,0,0,4,0,0,0,0,0,0,0,0,0,0,0,0,0,0,0,1,1,5,4,1,0,0,0,0,0,3,0,0,0,1,0,0,1,0,0,0,0,0,0
0,0,0,0,0,0,0,1,0,1,0,0,0,0,0,0,0,0,0,2,1,1,2,0,0,0,0,2,0,0,0,0,0,1,0,0,0,0,0,5,1,0,1,5,13,3,10,1,3,8,5,41,21,3,0,1,0,4,8,0,0,1,0,11,7,0,0,1,1,0,0,0,0,0,0,1,1,1,1,3,9,5,7,0,0,2,1,11,2,0,1,5,2,28,21,1,0,1,0,24,4,0,0,1,0,0,2,0,0,1,0,0,0,0,2,17,33,1,2,0,0,14,9,5,5,0,0,28,13,6,5,1,0,20,2,9,6,1,0,1,1,0,0,0,0,0,0,0,0,0,2,6,24,3,0,0,0,1,0,1,0,0,0,19,17,14,2,0,0,11,0,6,0,0,0,1,0,0,0,0,0,0,0,0,0,0,0,1,2,0,0,1,0,0,1,0,1,0,0,1,0,0,0,0,0,2,0,0,0,0,0,0,0,0,0,0
0,3,0,2,0,2,2,5,2,2,11,0,0,0,1,2,2,0,2,10,6,2,1,2,0,3,1,0,0,2,1,3,5,0,1,0,5,3,2,17,3,5,1,0,2,2,10,1,1,3,0,12,6,2,4,1,0,4,5,1,4,3,1,20,20,5,0,0,0,1,4,0,0,0,1,1,0,0,5,2,1,1,4,1,0,2,0,2,1,0,1,5,5,6,1,4,3,3,2,8,1,3,3,0,2,1,2,0,0,6,1,1,1,1,17,3,9,6,13,1,0,7,1,3,4,3,3,7,4,2,4,1,2,6,0,2,2,0,1,2,3,0,4,0,0,9,0,0,0,2,9,6,6,4,11,2,0,1,1,1,0,2,0,25,3,4,1,2,0,22,1,2,1,5,3,5,4,2,2,0,2,1,1,2,2,0,2,0,4,0,4,0,1,1,2,2,7,1,0,1,0,3,0,0,2,1,0,3,6,1,0,0,0,0,0,0
0,0,0,2,0,2,0,0,1,1,0,1,0,2,1,4,0,1,1,4,0,0,1,1,2,6,1,6,2,4,0,3,5,0,0,2,0,0,3,0,7,0,4,1,0,0,15,1,0,1,2,3,4,8,3,3,1,1,3,1,4,13,2,1,20,2,2,2,4,1,3,1,0,0,0,0,1,0,0,1,2,2,4,2,0,0,1,6,2,1,1,3,5,5,7,1,2,1,2,6,6,2,10,2,2,0,14,1,0,0,1,0,3,3,1,9,6,0,6,2,0,3,3,2,5,3,1,0,4,1,0,2,1,3,2,2,5,1,0,2,3,0,1,1,2,2,3,3,3,4,3,5,6,9,11,5,0,2,0,3,3,5,1,15,5,1,3,2,7,12,5,11,16,10,1,9,7,0,1,1,2,1,1,1,7,1,2,5,3,0,6,2,1,3,3,4,5,11,0,0,1,0,0,0,1,4,1,1,12,0,0,0,6,0,0,0
0,0,0,0,0,0,0,1,1,0,0,0,0,0,0,0,0,0,0,10,4,1,0,0,0,2,0,1,0,1,0,0,0,0,0,0,0,0,0,3,2,0,1,1,2,2,5,0,5,5,13,18,22,1,2,1,0,2,3,1,0,1,0,10,1,1,0,0,0,0,0,0,0,0,0,12,1,0,0,0,6,5,5,0,0,1,2,27,16,2,0,17,9,22,4,6,0,5,0,43,2,5,1,0,1,1,1,0,0,1,0,0,1,0,3,6,45,2,3,0,7,8,27,7,10,1,0,6,20,0,0,1,0,2,1,3,1,1,0,1,12,0,0,0,0,0,0,0,0,0,1,2,9,0,0,0,0,0,1,0,0,0,0,25,26,3,0,5,0,2,0,1,0,1,0,1,8,0,0,0,0,1,0,0,0,0,0,1,1,0,0,0,1,2,5,6,7,0,0,0,0,0,1,0,0,0,0,1,0,0,0,0,0,0,0,0
0,1,0,5,1,5,1,1,0,0,0,1,1,0,1,0,0,0,0,6,0,0,1,10,2,0,1,17,4,20,1,4,4,0,0,2,8,0,0,4,27,1,3,0,1,0,0,0,3,0,2,0,5,0,0,0,0,0,1,0,0,0,0,2,10,0,0,0,1,0,0,0,3,0,0,7,4,1,0,1,0,0,0,0,1,0,1,1,1,0,0,0,0,0,0,1,3,2,3,18,30,8,0,1,0,0,0,0,0,0,0,0,0,0,16,0,4,1,4,0,0,0,0,0,4,0,0,1,0,0,0,0,1,0,0,0,0,2,8,4,20,0,1,0,0,2,1,0,0,3,1,2,0,0,0,0,1,1,0,0,1,1,0,18,4,1,1,22,0,1,0,8,1,36,5,23,35,0,0,3,1,0,1,1,12,1,20,0,5,0,8,0,9,0,0,0,53,0,0,0,0,0,0,0,0,0,0,0,1,0,2,1,2,0,0,0
0,0,0,5,0,5,0,1,1,1,0,2,0,0,0,4,0,4,3,4,2,10,2,35,0,0,0,6,0,6,7,4,13,3,0,16,1,1,2,7,4,5,1,0,0,0,0,1,0,0,0,1,0,0,0,0,0,1,0,1,0,1,0,1,1,0,3,0,2,0,1,1,1,0,1,17,1,14,0,0,0,0,0,0,0,0,0,1,0,0,4,2,1,4,1,5,1,2,5,12,2,4,4,0,6,0,0,1,1,0,0,2,0,6,8,0,0,1,2,2,3,0,0,0,2,1,1,4,3,2,0,9,0,0,0,0,0,3,23,5,28,0,0,9,0,0,1,0,0,1,0,1,0,0,0,2,0,0,0,0,0,5,0,3,0,2,0,14,0,0,0,0,0,3,4,2,9,0,0,1,7,4,4,25,7,12,11,0,0,0,1,0,30,0,1,11,24,1,1,0,0,0,0,2,1,0,0,0,0,0,18,1,9,0,0,6
1,1,0,7,2,16,0,0,0,1,0,3,0,0,2,5,0,12,0,3,5,6,3,27,0,1,0,2,0,11,5,5,10,5,1,8,5,0,6,9,3,2,0,1,0,0,1,0,0,0,0,0,0,0,0,0,1,0,0,1,2,0,3,0,0,3,2,0,1,0,0,1,8,2,5,14,6,5,0,0,0,0,0,0,1,0,1,0,0,3,1,6,3,2,0,2,5,1,8,6,3,6,6,1,15,1,0,3,0,0,0,0,0,1,11,1,0,0,4,0,9,0,0,0,5,2,0,1,2,0,0,6,0,2,0,0,0,1,13,3,24,0,1,3,1,0,1,1,0,5,1,0,0,1,1,1,0,0,1,2,0,8,0,2,0,1,0,7,0,0,0,2,0,1,2,5,8,3,0,5,12,1,7,13,3,5,13,0,0,0,2,0,30,0,1,7,24,1,0,4,5,0,0,1,1,0,0,0,0,1,13,1,6,0,0,1
18,3,15,4,11,10,0,1,0,0,1,1,3,2,6,3,2,8,1,0,2,1,1,3,11,1,6,1,11,3,0,1,0,0,0,13,1,0,0,0,4,0,0,1,1,1,2,2,1,0,2,0,7,1,0,0,0,0,2,0,1,0,1,1,5,0,3,2,3,0,1,10,11,0,4,0,9,0,1,0,1,0,0,6,1,5,5,1,0,8,0,3,3,0,0,1,5,1,2,0,10,0,0,3,1,0,1,22,2,0,0,1,0,0,0,1,0,0,0,2,1,0,1,0,0,4,0,0,1,0,0,0,0,0,1,0,2,0,0,0,0,0,0,4,26,0,5,3,4,3,0,0,1,0,1,1,5,0,6,3,1,4,2,0,0,0,0,0,23,1,9,0,21,0,0,0,0,0,0,3,3,0,0,0,6,1,4,4,8,1,4,7,13,1,0,0,8,2,0,0,0,0,0,0,1,0,0,0,5,0,6,22,20,0,4,36
0,2,1,4,0,0,0,12,4,1,1,2,1,6,0,0,0,1,0,5,1,1,3,2,1,2,0,2,8,4,0,0,3,1,1,1,6,0,2,3,11,0,11,2,11,3,24,2,5,1,3,4,18,0,3,0,0,0,7,0,5,0,2,9,20,0,1,0,1,0,8,0,0,1,0,4,3,2,3,12,6,0,4,2,3,1,0,2,0,0,2,0,3,1,5,0,3,1,0,4,14,0,2,0,2,0,0,0,0,3,1,1,0,0,2,7,3,3,1,2,0,8,0,0,0,1,0,1,0,0,0,1,4,6,4,0,4,3,2,1,2,0,3,0,0,14,3,0,1,3,2,19,6,2,3,2,0,11,0,1,0,1,0,12,5,0,4,5,3,25,6,9,6,11,0,9,3,1,2,3,1,0,1,0,3,1,4,1,1,1,3,0,1,0,2,4,4,1,0,0,0,0,2,0,5,0,1,2,8,0,1,0,1,0,2,0
0,1,0,0,2,0,1,4,2,0,3,0,0,1,1,0,0,0,1,3,1,0,1,0,1,8,1,2,0,2,3,1,2,0,2,0,0,4,1,4,7,2,6,0,1,0,10,1,1,3,1,1,14,2,0,5,3,1,3,0,1,35,5,25,9,14,1,0,1,0,1,0,1,1,0,0,1,1,1,2,5,3,3,1,1,0,3,2,3,1,1,2,5,1,2,2,1,22,2,7,1,9,0,0,1,0,1,2,1,2,1,1,0,1,1,1,2,2,27,0,0,3,1,5,13,0,0,3,1,0,0,0,0,5,2,4,0,0,0,0,4,0,1,0,0,0,0,0,1,2,8,11,11,7,40,1,0,5,3,3,0,1,3,20,12,2,4,3,0,6,2,5,0,0,5,6,12,1,2,0,1,2,0,1,3,2,1,0,0,0,6,0,2,3,1,2,12,0,1,0,0,0,1,0,0,2,0,1,3,1,0,0,1,1,0,0
0,1,1,1,0,0,0,2,1,0,0,1,0,0,1,0,0,1,1,2,0,2,4,1,0,0,1,8,28,3,1,1,1,0,0,0,1,0,1,0,15,0,13,17,24,1,1,3,29,0,4,2,22,1,0,0,0,1,0,0,0,0,0,0,1,1,0,0,3,0,1,0,2,1,0,9,23,0,0,10,1,0,1,0,0,3,5,2,6,3,0,0,0,0,2,3,0,1,1,6,32,0,0,4,0,1,2,0,0,1,0,0,1,1,0,7,16,0,0,0,0,2,1,0,0,0,0,1,0,0,2,1,0,4,2,0,3,1,1,1,7,0,0,1,0,1,0,0,0,1,0,20,8,0,0,0,1,7,5,0,2,1,1,20,3,1,1,5,2,23,12,16,16,14,0,10,8,1,0,0,0,0,0,0,1,1,4,3,9,0,0,0,5,0,3,1,10,1,1,0,0,0,1,0,0,0,0,0,3,0,0,0,1,0,0,0
0,0,0,0,0,1,0,0,0,1,0,0,0,0,0,0,0,0,0,9,35,0,0,7,0,0,0,0,0,2,7,1,70,0,0,1,0,0,0,6,0,11,0,0,0,0,0,0,1,0,1,1,0,0,0,0,0,0,1,0,0,1,0,0,0,1,0,0,0,0,0,0,0,1,0,8,0,58,0,0,0,0,0,0,0,0,0,0,0,1,0,9,4,0,0,12,0,1,0,5,0,47,0,1,1,0,0,0,0,0,0,1,0,0,17,0,0,0,1,0,34,0,0,2,7,0,0,0,0,0,0,0,0,0,0,1,0,0,19,0,1,0,0,0,0,0,0,0,0,0,0,0,2,0,0,0,0,0,0,0,0,0,1,0,4,0,0,1,0,0,0,0,0,0,20,0,30,0,0,0,1,0,0,35,2,9,0,0,1,0,1,0,32,0,0,22,46,1,0,0,0,0,0,0,0,0,0,0,0,0,1,0,0,0,0,0
0,0,0,10,0,2,0,0,0,0,0,1,0,0,0,0,0,0,0,9,2,2,0,30,0,1,1,28,3,21,0,1,3,0,0,2,2,0,0,1,12,0,0,0,4,0,0,0,10,1,5,0,11,2,0,0,0,0,0,0,1,0,0,0,0,0,0,2,0,0,0,0,2,1,0,31,33,3,0,2,0,0,0,0,4,1,2,7,4,2,0,0,0,2,0,6,1,0,2,12,4,6,0,1,2,1,0,2,0,0,0,0,2,0,9,0,16,0,0,1,7,0,0,1,2,0,1,0,2,0,0,1,0,0,0,0,0,0,10,1,43,0,0,2,0,0,0,1,0,1,0,1,1,0,0,0,0,0,2,0,0,2,0,17,6,0,0,19,0,1,1,2,0,4,0,11,16,0,0,4,8,0,0,0,7,0,6,1,8,0,1,0,49,0,11,0,8,0,1,0,0,0,0,0,0,0,0,0,0,0,5,0,5,0,0,2
1,2,0,3,2,1,0,1,0,0,0,3,0,0,0,1,1,1,0,2,0,7,9,7,0,1,0,23,13,0,0,0,1,1,0,2,3,1,1,5,13,0,10,2,5,0,0,1,14,1,6,3,13,1,0,1,0,0,1,0,0,0,1,0,0,0,0,3,4,1,0,1,4,1,1,17,14,2,0,0,2,0,0,1,4,1,3,2,3,1,0,1,0,2,2,4,0,2,1,11,7,4,0,0,1,0,1,1,0,0,0,0,1,1,3,8,12,1,0,2,0,0,0,0,0,0,0,7,0,0,0,17,0,1,0,11,0,4,6,19,21,0,3,5,0,0,0,0,1,0,0,0,1,1,0,2,0,1,1,0,0,0,1,13,0,15,4,26,0,0,0,14,1,9,1,9,5,1,0,2,1,0,1,1,6,0,10,7,17,0,1,0,21,0,4,3,8,0,1,2,0,0,0,0,1,0,0,0,3,1,2,4,4,0,1,2
0,0,0,2,0,2,0,0,0,0,0,2,0,0,0,0,0,2,0,3,2,1,0,9,0,1,0,4,0,26,0,1,4,0,0,1,1,1,1,8,26,1,0,0,2,0,1,2,0,1,0,3,17,1,0,0,0,1,0,0,0,0,0,2,9,4,1,2,8,0,0,1,0,1,0,3,1,1,0,0,1,0,0,0,0,0,0,0,0,0,0,2,5,1,0,4,2,12,2,23,13,25,0,2,4,0,0,0,0,0,0,0,0,0,15,0,4,0,3,0,0,0,0,3,7,1,0,2,1,0,0,1,0,0,0,0,0,0,4,9,13,0,0,2,0,0,0,0,0,2,1,5,3,0,0,6,0,0,0,3,0,1,0,15,3,1,0,14,0,2,2,4,0,14,2,33,27,0,0,7,3,0,1,2,5,0,22,0,12,1,11,2,5,0,0,3,53,1,0,0,0,0,0,0,0,0,0,0,0,0,4,1,6,0,0,0
0,0,0,1,0,7,0,1,2,1,2,1,0,0,0,0,0,0,1,26,6,2,0,20,0,0,0,2,0,9,32,13,33,0,0,5,0,5,0,10,3,35,1,0,1,0,0,0,0,0,0,4,0,0,1,1,0,0,0,1,0,3,0,1,0,5,0,1,2,0,0,0,1,0,0,5,0,14,0,0,1,0,0,0,0,0,0,0,0,0,0,7,6,0,0,8,0,1,2,1,0,19,0,1,1,0,0,1,0,0,0,1,0,1,31,1,0,0,4,0,2,0,0,3,7,0,0,1,0,0,0,1,0,0,0,0,0,0,28,2,3,0,0,0,0,0,0,0,0,0,2,0,0,0,0,2,1,0,0,0,0,1,0,1,0,0,0,3,0,0,0,0,0,0,16,7,7,0,0,3,7,2,0,38,8,26,19,0,0,2,3,0,17,1,0,13,16,2,0,0,0,0,0,0,0,0,0,0,0,0,6,0,3,0,0,0
1,1,1,0,0,1,0,3,3,0,2,1,1,0,0,1,0,1,0,3,0,2,4,0,0,2,0,0,0,0,1,1,2,0,0,0,0,3,0,0,0,1,1,5,11,4,6,3,1,9,6,11,7,11,0,1,2,13,3,2,0,1,3,6,6,1,0,1,1,2,2,1,1,1,0,4,0,1,0,3,3,14,5,2,0,3,1,13,3,8,0,3,2,14,10,0,0,0,0,8,4,2,1,0,1,14,5,0,1,1,1,4,1,0,2,4,9,1,2,0,2,5,6,2,1,1,2,5,4,2,20,3,1,19,13,6,11,4,0,0,2,1,2,0,0,2,1,0,1,1,1,12,18,2,1,1,3,7,9,1,3,0,3,6,9,1,7,0,2,12,6,2,9,2,1,2,3,0,2,1,1,1,0,1,0,0,0,2,1,0,1,0,0,3,6,1,0,0,3,0,0,4,10,0,2,1,1,4,3,0,0,0,1,0,0,1
0,0,0,0,0,0,0,0,1,0,1,0,0,1,1,0,0,0,0,1,0,7,0,0,0,0,0,2,1,0,0,0,0,0,0,0,0,0,0,7,1,0,3,6,15,3,17,1,2,6,2,25,17,3,2,1,1,0,3,1,0,5,0,33,8,5,0,0,0,1,0,0,0,0,0,1,1,0,1,8,4,5,7,0,0,2,0,5,0,0,1,3,0,20,10,3,0,3,0,11,7,0,0,1,0,1,1,0,0,2,2,0,1,0,2,19,19,0,8,0,0,13,3,3,1,0,2,26,4,4,6,3,0,20,6,2,5,1,0,5,3,1,0,0,0,0,0,0,0,0,2,6,15,0,16,0,0,1,1,3,3,0,0,15,14,13,14,2,0,9,2,10,7,0,0,4,0,1,1,0,0,0,0,0,0,0,0,6,2,0,2,0,0,2,0,1,0,0,0,2,1,0,1,0,0,2,0,0,0,0,0,0,0,0,0,0
0,0,0,0,0,0,0,0,0,7,0,2,0,0,0,5,0,0,0,1,2,18,1,3,0,0,0,4,0,0,0,1,0,8,1,3,0,6,0,7,2,5,1,2,6,0,0,0,10,8,7,7,3,4,0,5,0,8,0,4,0,0,0,1,0,1,0,1,3,2,0,1,0,3,5,11,1,8,1,4,3,7,0,4,0,7,5,6,1,6,1,2,0,15,1,5,0,4,0,13,2,3,0,3,0,6,0,1,0,0,0,3,1,0,13,1,21,0,1,1,4,3,3,1,4,0,2,23,11,20,4,18,0,4,0,2,3,1,3,3,35,1,0,1,0,0,0,0,0,0,0,1,4,3,1,0,0,0,0,0,0,0,0,3,2,12,3,5,0,1,0,4,1,0,0,0,4,1,1,0,0,0,0,4,0,0,5,1,5,0,0,0,14,1,10,5,14,0,0,3,0,6,1,8,0,0,0,1,0,1,1,3,2,0,0,1
